survey_no,village,taluka,district,land_type,ready_reckoner_rate_rs_sqft,latitude,longitude,land_area_sqft,land_category,road_connectivity,distance_highway_km,distance_city_km,distance_school_km,distance_hospital_km,distance_market_km,historical_price,government_rate,sale_price,current_market_price
40,Morshi Rural,Morshi,Amravati,Agricultural Plot,350,21.345579,78.012181,19258,Non-Ganded,Excellent,0.45,0.41,2.29,0.94,2.07,6066270,6740300,7279524,8007476
40/1,Durgwada,Morshi,Amravati,Residential Plot,1050,21.35862,78.00275,3008,Non-Ganded,Excellent,4.82,1.53,0.49,0.52,0.94,2842560,3158400,3411072,3752179
40/2,Durgwada,Morshi,Amravati,Commercial Plot,2000,21.352975,77.99818,3477,Ganded,Good,1.53,2.01,0.45,0.47,1.24,6258600,6954000,7510320,8261352
40/3,Durgwada,Morshi,Amravati,Agricultural Plot,280,21.353942,78.002698,10958,Non-Ganded,Good,2.99,3.33,2.03,1.92,1.08,2761416,3068240,3313699,3645068
41,Durgwada,Morshi,Amravati,Agricultural Plot,280,21.353532,77.998224,26021,Ganded,Excellent,4.29,0.41,2.79,2.52,0.4,6557292,7285880,7868750,8655625
41/1,Durgwada,Morshi,Amravati,Agricultural Plot,280,21.356899,77.997305,17670,Ganded,Good,4.95,2.73,1.38,1.48,0.41,4452840,4947600,5343408,5877748
41/2,Yerla,Morshi,Amravati,Commercial Plot,2200,21.324613,78.031633,1579,Non-Ganded,Excellent,4.47,2.05,2.22,0.59,0.28,3126420,3473800,3751704,4126874
41/3,Morshi Rural,Morshi,Amravati,Residential Plot,1450,21.350156,78.01957,3922,Ganded,Good,0.21,1.32,2.38,1,1.02,5118210,5686900,6141852,6756037
42,Durgwada,Morshi,Amravati,Agricultural Plot,280,21.352454,77.995431,27483,Ganded,Excellent,5.19,1.8,1.84,2.56,2.19,6925716,7695240,8310859,9141944
42/1,Morshi Rural,Morshi,Amravati,Commercial Plot,2650,21.349199,78.013991,4252,Non-Ganded,Excellent,4.82,0.85,0.38,2.58,0.75,10141020,11267800,12169224,13386146
42/2,Yerla,Morshi,Amravati,Commercial Plot,2200,21.325231,78.027704,2514,Non-Ganded,Excellent,0.22,1.97,0.57,2.56,0.48,4977720,5530800,5973264,6570590
42/3,Morshi Rural,Morshi,Amravati,Commercial Plot,2650,21.347448,78.014628,3657,Non-Ganded,Excellent,4.03,0.22,1.53,1.24,1.92,8721945,9691050,10466334,11512967
43,Durgwada,Morshi,Amravati,Agricultural Plot,280,21.357028,77.993822,26109,Non-Ganded,Excellent,0.92,3.25,1.21,0.99,1.29,6579468,7310520,7895361,8684897
43/1,Morshi Rural,Morshi,Amravati,Residential Plot,1450,21.347923,78.021014,1429,Non-Ganded,Excellent,0.89,1.98,0.89,3.19,0.97,1864845,2072050,2237814,2461595
43/2,Yerla,Morshi,Amravati,Commercial Plot,2200,21.325771,78.028049,4898,Non-Ganded,Excellent,3.09,1.07,2.39,1.34,0.31,9698040,10775600,11637648,12801412
43/3,Yerla,Morshi,Amravati,Residential Plot,1200,21.324158,78.028113,4052,Ganded,Excellent,5.99,1.36,0.25,1.15,1.64,4376160,4862400,5251392,5776531
44,Durgwada,Morshi,Amravati,Residential Plot,1050,21.355142,77.996371,4614,Ganded,Good,3.68,0.39,0.23,1.03,2.26,4360230,4844700,5232276,5755503
44/1,Morshi Rural,Morshi,Amravati,Residential Plot,1450,21.345702,78.015173,4761,Ganded,Excellent,0.8,2.34,1.57,3.1,1.88,6213105,6903450,7455726,8201298
44/2,Morshi Rural,Morshi,Amravati,Residential Plot,1450,21.345745,78.021652,2108,Non-Ganded,Excellent,2.5,1.64,1.32,1.55,1.08,2750940,3056600,3301128,3631240
44/3,Morshi Rural,Morshi,Amravati,Agricultural Plot,350,21.344131,78.014858,20709,Ganded,Excellent,4.61,1.04,1.29,1.4,1.47,6523335,7248150,7828002,8610802
45,Yerla,Morshi,Amravati,Residential Plot,1200,21.326274,78.0311,2094,Ganded,Good,2.76,3.05,1.11,2.09,1.85,2261520,2512800,2713824,2985206
45/1,Yerla,Morshi,Amravati,Commercial Plot,2200,21.330507,78.02807,3386,Ganded,Excellent,5.37,2.91,2.61,0.48,1.41,6704280,7449200,8045136,8849649
45/2,Morshi Rural,Morshi,Amravati,Agricultural Plot,350,21.348818,78.010659,17696,Non-Ganded,Good,5.02,1.65,0.65,0.8,1.6,5574240,6193600,6689088,7357996
45/3,Morshi Rural,Morshi,Amravati,Residential Plot,1450,21.350705,78.013542,1558,Ganded,Good,4.69,3.38,0.25,1.18,2.08,2033190,2259100,2439828,2683810
46,Yerla,Morshi,Amravati,Residential Plot,1200,21.329126,78.026159,2510,Ganded,Good,1.84,2.14,0.55,1.01,0.31,2710800,3012000,3252960,3578256
46/1,Yerla,Morshi,Amravati,Commercial Plot,2200,21.328436,78.022481,2596,Non-Ganded,Excellent,2.93,1.57,1.68,0.96,0.71,5140080,5711200,6168096,6784905
46/2,Durgwada,Morshi,Amravati,Commercial Plot,2000,21.359072,77.998026,3652,Ganded,Good,3.98,2.45,1.38,1.01,1.41,6573600,7304000,7888320,8677152
46/3,Durgwada,Morshi,Amravati,Commercial Plot,2000,21.352816,77.992105,2096,Non-Ganded,Excellent,0.88,2.5,2.1,0.93,0.87,3772800,4192000,4527360,4980096
47,Morshi Rural,Morshi,Amravati,Residential Plot,1450,21.351465,78.017004,3740,Non-Ganded,Good,3.24,1.55,2.66,0.53,2.14,4880700,5423000,5856840,6442524
47/1,Morshi Rural,Morshi,Amravati,Residential Plot,1450,21.345979,78.014486,4902,Ganded,Excellent,3.86,0.76,0.5,2.22,0.46,6397110,7107900,7676532,8444185
47/2,Yerla,Morshi,Amravati,Residential Plot,1200,21.325283,78.023614,2958,Non-Ganded,Excellent,1.25,3.23,2.69,0.53,1.96,3194640,3549600,3833568,4216924
47/3,Morshi Rural,Morshi,Amravati,Agricultural Plot,350,21.351021,78.021051,21786,Non-Ganded,Excellent,4.18,2.09,1.89,2.46,2.1,6862590,7625100,8235108,9058618
48,Morshi Rural,Morshi,Amravati,Agricultural Plot,350,21.344549,78.010571,29024,Ganded,Excellent,1.2,0.44,1.78,2.69,1.92,9142560,10158400,10971072,12068179
48/1,Yerla,Morshi,Amravati,Commercial Plot,2200,21.330422,78.028244,4764,Ganded,Good,1.77,2.29,2.04,2.66,2.3,9432720,10480800,11319264,12451190
48/2,Morshi Rural,Morshi,Amravati,Agricultural Plot,350,21.344482,78.021482,27803,Ganded,Excellent,1.26,2.73,2.48,2.59,0.93,8757945,9731050,10509534,11560487
48/3,Durgwada,Morshi,Amravati,Commercial Plot,2000,21.357133,77.995914,4212,Ganded,Good,4.02,1.65,1.15,2.62,2.44,7581600,8424000,9097920,10007712
49,Durgwada,Morshi,Amravati,Agricultural Plot,280,21.352892,77.992955,15471,Non-Ganded,Good,1.78,2.15,1.26,0.89,1.76,3898692,4331880,4678430,5146273
49/1,Durgwada,Morshi,Amravati,Commercial Plot,2000,21.356077,78.0014,3834,Non-Ganded,Good,5.76,1.83,0.91,1.47,1.93,6901200,7668000,8281440,9109584
49/2,Yerla,Morshi,Amravati,Commercial Plot,2200,21.328532,78.031747,3804,Ganded,Good,4.37,2.82,1.57,1.22,0.74,7531920,8368800,9038304,9942134
49/3,Durgwada,Morshi,Amravati,Agricultural Plot,280,21.359243,77.996708,25177,Ganded,Good,1.16,1.33,0.6,1.24,0.89,6344604,7049560,7613524,8374876
50,Durgwada,Morshi,Amravati,Residential Plot,1050,21.356599,77.993199,2553,Non-Ganded,Good,1.62,2.01,0.4,2.28,0.89,2412585,2680650,2895102,3184612
50/1,Morshi Rural,Morshi,Amravati,Residential Plot,1450,21.349578,78.010404,4922,Non-Ganded,Excellent,0.55,0.53,2.04,2.44,2.11,6423210,7136900,7707852,8478637
50/2,Yerla,Morshi,Amravati,Commercial Plot,2200,21.329086,78.025361,3187,Ganded,Excellent,0.77,2.12,0.69,2.28,0.44,6310260,7011400,7572312,8329543
50/3,Yerla,Morshi,Amravati,Commercial Plot,2200,21.32797,78.027997,4733,Non-Ganded,Excellent,2.78,0.84,2.07,1.59,0.8,9371340,10412600,11245608,12370168
51,Yerla,Morshi,Amravati,Residential Plot,1200,21.327643,78.025908,2462,Non-Ganded,Good,5.29,2.91,2.29,2.71,1.44,2658960,2954400,3190752,3509827
51/1,Durgwada,Morshi,Amravati,Commercial Plot,2000,21.358136,77.997956,2649,Non-Ganded,Good,0.9,2.01,2.16,2.01,1.84,4768200,5298000,5721840,6294024
51/2,Durgwada,Morshi,Amravati,Residential Plot,1050,21.355033,77.997502,3203,Ganded,Good,2.68,2.77,1.28,1.37,1.88,3026835,3363150,3632202,3995422
51/3,Yerla,Morshi,Amravati,Agricultural Plot,300,21.32474,78.026192,14038,Non-Ganded,Good,2.92,3.1,2.2,0.44,0.7,3790260,4211400,4548312,5003143
52,Yerla,Morshi,Amravati,Agricultural Plot,300,21.325217,78.02806,24470,Non-Ganded,Excellent,0.58,3.02,2.72,0.43,0.48,6606900,7341000,7928280,8721108
52/1,Morshi Rural,Morshi,Amravati,Residential Plot,1450,21.351591,78.017803,4795,Non-Ganded,Excellent,1.28,1.81,2.17,2.68,0.74,6257475,6952750,7508970,8259867
52/2,Yerla,Morshi,Amravati,Agricultural Plot,300,21.327812,78.031177,21585,Ganded,Good,5.58,1.85,1.28,0.31,1.54,5827950,6475500,6993540,7692894
52/3,Durgwada,Morshi,Amravati,Agricultural Plot,280,21.353592,78.000416,10869,Non-Ganded,Excellent,4.18,0.22,1.99,0.88,0.87,2738988,3043320,3286785,3615463
53,Yerla,Morshi,Amravati,Agricultural Plot,300,21.330737,78.02988,17238,Ganded,Excellent,2.24,1.11,0.54,0.89,1.61,4654260,5171400,5585112,6143623
53/1,Morshi Rural,Morshi,Amravati,Commercial Plot,2650,21.348352,78.015388,2617,Ganded,Excellent,1.69,0.31,0.98,2.22,0.31,6241545,6935050,7489854,8238839
53/2,Morshi Rural,Morshi,Amravati,Agricultural Plot,350,21.347375,78.012491,20555,Ganded,Good,5.28,3.42,1.44,1.87,0.58,6474825,7194250,7769790,8546769
53/3,Durgwada,Morshi,Amravati,Residential Plot,1050,21.353582,77.994743,4264,Ganded,Excellent,0.81,2.01,2.12,0.93,1.71,4029480,4477200,4835376,5318913
54,Durgwada,Morshi,Amravati,Agricultural Plot,280,21.357783,77.997992,10532,Non-Ganded,Good,5.07,0.34,1.19,2.75,0.25,2654064,2948960,3184876,3503363
54/1,Yerla,Morshi,Amravati,Commercial Plot,2200,21.329819,78.024882,3061,Non-Ganded,Good,1.91,1.27,1.48,2.7,1.6,6060780,6734200,7272936,8000229
54/2,Morshi Rural,Morshi,Amravati,Agricultural Plot,350,21.3488,78.010906,25562,Ganded,Good,1.96,1.21,0.44,0.97,1.63,8052030,8946700,9662436,10628679
54/3,Morshi Rural,Morshi,Amravati,Commercial Plot,2650,21.34736,78.016086,4883,Ganded,Good,4.35,2.63,2.43,0.63,2.11,11645955,12939950,13975146,15372660
55,Yerla,Morshi,Amravati,Agricultural Plot,300,21.328728,78.024637,27724,Ganded,Good,0.32,0.65,0.47,2.16,0.9,7485480,8317200,8982576,9880833
55/1,Durgwada,Morshi,Amravati,Residential Plot,1050,21.355723,77.994756,3991,Non-Ganded,Good,1.11,1.93,2.11,1.81,1.91,3771495,4190550,4525794,4978373
55/2,Yerla,Morshi,Amravati,Agricultural Plot,300,21.33032,78.02597,26804,Ganded,Good,2.61,2.64,2.69,3.13,0.57,7237080,8041200,8684496,9552945
55/3,Yerla,Morshi,Amravati,Agricultural Plot,300,21.330716,78.029561,27466,Non-Ganded,Good,0.39,1.6,2.18,0.71,1.09,7415820,8239800,8898984,9788882
56,Durgwada,Morshi,Amravati,Commercial Plot,2000,21.353898,77.998913,4405,Non-Ganded,Good,2.03,1.58,1.15,1.33,0.31,7929000,8810000,9514800,10466280
56/1,Morshi Rural,Morshi,Amravati,Agricultural Plot,350,21.351165,78.017084,27235,Non-Ganded,Good,0.95,0.92,2.12,2.89,1.98,8579025,9532250,10294830,11324313
56/2,Durgwada,Morshi,Amravati,Commercial Plot,2000,21.352998,78.003126,4550,Ganded,Good,4.91,0.99,0.82,1.91,1.95,8190000,9100000,9828000,10810800
56/3,Yerla,Morshi,Amravati,Residential Plot,1200,21.325784,78.026095,3524,Non-Ganded,Excellent,2.15,3.16,2.32,2.31,2.26,3805920,4228800,4567104,5023814
57,Morshi Rural,Morshi,Amravati,Agricultural Plot,350,21.344802,78.012998,27681,Ganded,Excellent,3.47,2.82,0.3,2.1,0.55,8719515,9688350,10463418,11509759
57/1,Morshi Rural,Morshi,Amravati,Residential Plot,1450,21.349011,78.012927,3756,Ganded,Good,1.55,0.35,0.6,1.1,2.05,4901580,5446200,5881896,6470085
57/2,Yerla,Morshi,Amravati,Agricultural Plot,300,21.328525,78.031519,16360,Non-Ganded,Good,3.39,2.6,1.98,2.48,1.16,4417200,4908000,5300640,5830704
57/3,Durgwada,Morshi,Amravati,Commercial Plot,2000,21.359956,77.992866,2390,Non-Ganded,Good,3.79,1.77,2.06,1.31,2.19,4302000,4780000,5162400,5678640
58,Morshi Rural,Morshi,Amravati,Agricultural Plot,350,21.345587,78.019384,18838,Non-Ganded,Good,0.6,1.95,2.58,2.32,0.83,5933970,6593300,7120764,7832840
58/1,Durgwada,Morshi,Amravati,Agricultural Plot,280,21.353961,77.99359,18082,Non-Ganded,Good,1.01,2.41,1.24,3.04,1.81,4556664,5062960,5467996,6014795
58/2,Morshi Rural,Morshi,Amravati,Residential Plot,1450,21.347608,78.02174,1649,Non-Ganded,Good,1.86,1.89,0.34,1.43,1.11,2151945,2391050,2582334,2840567
58/3,Morshi Rural,Morshi,Amravati,Agricultural Plot,350,21.347161,78.018966,16610,Ganded,Excellent,2.65,0.44,0.8,2.09,1.62,5232150,5813500,6278580,6906438
59,Morshi Rural,Morshi,Amravati,Residential Plot,1450,21.350494,78.019398,1478,Ganded,Good,1.41,0.23,0.98,1.43,0.83,1928790,2143100,2314548,2546002
59/1,Morshi Rural,Morshi,Amravati,Commercial Plot,2650,21.346501,78.017798,1269,Non-Ganded,Good,0.51,0.81,0.88,2.03,0.56,3026565,3362850,3631878,3995065
59/2,Morshi Rural,Morshi,Amravati,Residential Plot,1450,21.349264,78.013863,4643,Ganded,Good,5,2.66,1.02,1.75,1.98,6059115,6732350,7270938,7998031
59/3,Morshi Rural,Morshi,Amravati,Residential Plot,1450,21.347611,78.014422,1841,Ganded,Good,3.06,1.62,2.2,1.86,0.21,2402505,2669450,2883006,3171306
60,Morshi Rural,Morshi,Amravati,Agricultural Plot,350,21.350241,78.01253,24415,Ganded,Good,0.5,1.89,0.43,2.66,2.45,7690725,8545250,9228870,10151757
60/1,Durgwada,Morshi,Amravati,Commercial Plot,2000,21.359919,77.995823,1565,Ganded,Excellent,5.76,0.76,1.13,0.69,2.1,2817000,3130000,3380400,3718440
60/2,Yerla,Morshi,Amravati,Residential Plot,1200,21.327057,78.023981,1305,Ganded,Excellent,4.58,1.64,1.67,2.9,1.88,1409400,1566000,1691280,1860408
60/3,Durgwada,Morshi,Amravati,Residential Plot,1050,21.353661,78.001526,1791,Non-Ganded,Good,2.05,1.93,2.51,2.12,2.27,1692495,1880550,2030994,2234093
61,Morshi Rural,Morshi,Amravati,Commercial Plot,2650,21.349963,78.012834,3337,Ganded,Excellent,4.69,0.96,0.38,1.64,1.1,7958745,8843050,9550494,10505543
61/1,Yerla,Morshi,Amravati,Agricultural Plot,300,21.329497,78.030033,26732,Ganded,Excellent,3.71,2.83,1.22,2.22,0.65,7217640,8019600,8661168,9527284
61/2,Morshi Rural,Morshi,Amravati,Residential Plot,1450,21.348812,78.017421,3511,Non-Ganded,Excellent,5.94,2.62,0.88,2.61,2.22,4581855,5090950,5498226,6048048
61/3,Yerla,Morshi,Amravati,Commercial Plot,2200,21.330114,78.031249,1903,Ganded,Good,5.83,2.65,1.18,2.98,1.39,3767940,4186600,4521528,4973680
62,Durgwada,Morshi,Amravati,Residential Plot,1050,21.353472,77.995039,1491,Non-Ganded,Excellent,3.55,1.88,2.8,3.04,1.85,1408995,1565550,1690794,1859873
62/1,Morshi Rural,Morshi,Amravati,Commercial Plot,2650,21.344868,78.011452,4714,Non-Ganded,Excellent,5.47,3.09,1.28,3.02,2.31,11242890,12492100,13491468,14840614
62/2,Yerla,Morshi,Amravati,Agricultural Plot,300,21.329766,78.026562,12827,Ganded,Good,3.18,1.82,1.69,2.37,0.4,3463290,3848100,4155948,4571542
62/3,Durgwada,Morshi,Amravati,Commercial Plot,2000,21.356586,78.003518,3787,Non-Ganded,Excellent,5.83,1.1,2.09,2.72,1.24,6816600,7574000,8179920,8997912
63,Yerla,Morshi,Amravati,Residential Plot,1200,21.329429,78.026338,3178,Non-Ganded,Excellent,2.3,3.28,1.16,1.64,0.76,3432240,3813600,4118688,4530556
63/1,Morshi Rural,Morshi,Amravati,Agricultural Plot,350,21.348237,78.020551,21244,Ganded,Good,5.39,1.03,2.28,1.94,0.35,6691860,7435400,8030232,8833255
63/2,Morshi Rural,Morshi,Amravati,Residential Plot,1450,21.347421,78.017453,4899,Non-Ganded,Excellent,4.24,2.37,2.59,1.86,1.09,6393195,7103550,7671834,8439017
63/3,Durgwada,Morshi,Amravati,Agricultural Plot,280,21.354824,78.003623,21914,Non-Ganded,Good,0.7,2.81,0.52,2.85,2.18,5522328,6135920,6626793,7289472
64,Durgwada,Morshi,Amravati,Residential Plot,1050,21.356353,77.997737,2178,Ganded,Excellent,0.67,2.48,0.3,3.02,1.45,2058210,2286900,2469852,2716837
64/1,Yerla,Morshi,Amravati,Residential Plot,1200,21.329646,78.022293,1736,Non-Ganded,Excellent,3.51,0.49,0.35,2.89,2.37,1874880,2083200,2249856,2474841
64/2,Durgwada,Morshi,Amravati,Agricultural Plot,280,21.352764,77.999271,26946,Non-Ganded,Excellent,3.15,2.4,0.24,2.59,0.42,6790392,7544880,8148470,8963317
64/3,Morshi Rural,Morshi,Amravati,Commercial Plot,2650,21.346872,78.018864,4215,Non-Ganded,Excellent,4.01,0.35,2.49,1.4,1.9,10052775,11169750,12063330,13269663
65,Yerla,Morshi,Amravati,Commercial Plot,2200,21.326472,78.030319,4360,Ganded,Good,3.02,1.57,2.65,1.61,0.75,8632800,9592000,10359360,11395296
65/1,Morshi Rural,Morshi,Amravati,Commercial Plot,2650,21.346753,78.018328,2033,Non-Ganded,Good,2.25,0.36,1.3,2.36,1.09,4848705,5387450,5818446,6400290
65/2,Morshi Rural,Morshi,Amravati,Commercial Plot,2650,21.348237,78.014416,3000,Non-Ganded,Excellent,5.18,0.9,0.37,0.62,1,7155000,7950000,8586000,9444600
65/3,Durgwada,Morshi,Amravati,Commercial Plot,2000,21.354508,78.002378,4149,Non-Ganded,Good,0.55,3.4,2.22,0.7,1.82,7468200,8298000,8961840,9858024
66,Yerla,Morshi,Amravati,Commercial Plot,2200,21.331031,78.031171,1456,Ganded,Excellent,5.42,1.71,0.84,1.17,0.34,2882880,3203200,3459456,3805401
66/1,Durgwada,Morshi,Amravati,Agricultural Plot,280,21.359704,78.001974,17812,Ganded,Excellent,2.41,2.1,0.38,3.16,1.69,4488624,4987360,5386348,5924982
66/2,Durgwada,Morshi,Amravati,Agricultural Plot,280,21.356122,78.003691,21646,Non-Ganded,Excellent,1.36,0.2,2.58,0.69,1.97,5454792,6060880,6545750,7200325
66/3,Yerla,Morshi,Amravati,Agricultural Plot,300,21.326202,78.023703,28129,Non-Ganded,Excellent,2.22,2.02,0.24,1.36,0.85,7594830,8438700,9113796,10025175
67,Morshi Rural,Morshi,Amravati,Residential Plot,1450,21.348437,78.014713,2477,Ganded,Excellent,1.3,1.66,2.67,3.11,1.31,3232485,3591650,3878982,4266880
67/1,Durgwada,Morshi,Amravati,Agricultural Plot,280,21.356709,77.992369,21888,Ganded,Excellent,4.37,3.11,2.7,2.46,2.33,5515776,6128640,6618931,7280824
67/2,Morshi Rural,Morshi,Amravati,Residential Plot,1450,21.351075,78.012339,4841,Ganded,Excellent,2.32,2.83,1.28,0.81,2.36,6317505,7019450,7581006,8339106
67/3,Yerla,Morshi,Amravati,Residential Plot,1200,21.324294,78.031717,1608,Non-Ganded,Good,5.85,0.33,2.54,1.36,0.82,1736640,1929600,2083968,2292364
68,Morshi Rural,Morshi,Amravati,Commercial Plot,2650,21.344033,78.017955,1554,Ganded,Excellent,2.93,2.77,2.71,1.51,1.17,3706290,4118100,4447548,4892302
68/1,Morshi Rural,Morshi,Amravati,Residential Plot,1450,21.346198,78.011911,2323,Ganded,Excellent,5.51,1.34,2.46,2.55,0.86,3031515,3368350,3637818,4001599
68/2,Durgwada,Morshi,Amravati,Residential Plot,1050,21.359696,77.996689,3240,Non-Ganded,Good,3.23,1.93,2.12,2.96,1.39,3061800,3402000,3674160,4041576
68/3,Morshi Rural,Morshi,Amravati,Residential Plot,1450,21.350718,78.016314,1282,Ganded,Good,1.71,2.7,1.77,0.36,0.81,1673010,1858900,2007612,2208373
69,Durgwada,Morshi,Amravati,Agricultural Plot,280,21.353188,77.99901,20570,Non-Ganded,Good,2.17,1.81,0.92,1.92,2.31,5183640,5759600,6220368,6842404
69/1,Yerla,Morshi,Amravati,Residential Plot,1200,21.328375,78.030877,3242,Ganded,Excellent,1.85,2.85,2.43,3.03,1.68,3501360,3890400,4201632,4621795
69/2,Yerla,Morshi,Amravati,Agricultural Plot,300,21.324583,78.031553,26154,Ganded,Good,0.92,3.44,0.44,1.76,1.67,7061580,7846200,8473896,9321285
69/3,Yerla,Morshi,Amravati,Residential Plot,1200,21.324565,78.024251,2478,Ganded,Good,5.84,0.56,2.46,1.52,1.75,2676240,2973600,3211488,3532636
70,Durgwada,Morshi,Amravati,Commercial Plot,2000,21.356237,77.995969,1536,Non-Ganded,Good,2.16,3.15,1.06,2.83,2.4,2764800,3072000,3317760,3649536
70/1,Yerla,Morshi,Amravati,Agricultural Plot,300,21.327723,78.026925,29181,Non-Ganded,Excellent,1.51,0.96,0.7,2.77,0.8,7878870,8754300,9454644,10400108
70/2,Morshi Rural,Morshi,Amravati,Residential Plot,1450,21.344142,78.015349,1779,Ganded,Good,3.67,1.31,0.3,0.8,2.24,2321595,2579550,2785914,3064505
70/3,Yerla,Morshi,Amravati,Residential Plot,1200,21.328568,78.022877,3360,Ganded,Good,0.21,3.3,1,0.44,1.78,3628800,4032000,4354560,4790016
71,Morshi Rural,Morshi,Amravati,Agricultural Plot,350,21.349307,78.019333,10291,Non-Ganded,Excellent,5.8,0.17,1.79,2.04,2.45,3241665,3601850,3889998,4278997
71/1,Morshi Rural,Morshi,Amravati,Agricultural Plot,350,21.349016,78.011703,11186,Non-Ganded,Good,5.4,1.84,0.68,0.48,2.06,3523590,3915100,4228308,4651138
71/2,Morshi Rural,Morshi,Amravati,Agricultural Plot,350,21.350913,78.010083,26057,Non-Ganded,Good,1.55,0.89,0.89,2.54,1.69,8207955,9119950,9849546,10834500
71/3,Durgwada,Morshi,Amravati,Residential Plot,1050,21.353615,78.001781,3149,Ganded,Good,3.04,2.46,2.66,1.27,1.87,2975805,3306450,3570966,3928062
72,Yerla,Morshi,Amravati,Agricultural Plot,300,21.326713,78.027487,14344,Ganded,Good,1.21,1.15,1.1,1.31,1.81,3872880,4303200,4647456,5112201
72/1,Morshi Rural,Morshi,Amravati,Agricultural Plot,350,21.347637,78.011002,20425,Ganded,Excellent,3.8,2.46,2.23,2.93,2,6433875,7148750,7720650,8492715
72/2,Durgwada,Morshi,Amravati,Agricultural Plot,280,21.35542,77.999859,28392,Non-Ganded,Good,5.06,0.49,0.73,2.38,0.87,7154784,7949760,8585740,9444314
72/3,Durgwada,Morshi,Amravati,Commercial Plot,2000,21.352507,77.995511,1833,Ganded,Good,3.77,1.59,2.37,2.47,0.98,3299400,3666000,3959280,4355208
73,Morshi Rural,Morshi,Amravati,Agricultural Plot,350,21.345475,78.017482,17431,Non-Ganded,Excellent,3.19,2.89,0.93,0.63,0.81,5490765,6100850,6588918,7247809
73/1,Morshi Rural,Morshi,Amravati,Commercial Plot,2650,21.344422,78.018435,4170,Ganded,Good,4.83,1.43,2.21,1.44,2.18,9945450,11050500,11934540,13127994
73/2,Durgwada,Morshi,Amravati,Commercial Plot,2000,21.35303,77.996354,3674,Ganded,Good,5.5,1.29,1.91,0.49,2.24,6613200,7348000,7935840,8729424
73/3,Durgwada,Morshi,Amravati,Commercial Plot,2000,21.358211,77.995503,4525,Non-Ganded,Excellent,2.18,2.87,1.95,0.68,0.75,8145000,9050000,9774000,10751400
74,Yerla,Morshi,Amravati,Commercial Plot,2200,21.327388,78.024103,1359,Non-Ganded,Good,2.41,3.09,2.31,2.89,1.56,2690820,2989800,3228984,3551882
74/1,Yerla,Morshi,Amravati,Residential Plot,1200,21.324888,78.025933,2481,Ganded,Good,3.55,0.91,2.51,2.73,2.18,2679480,2977200,3215376,3536913
74/2,Durgwada,Morshi,Amravati,Commercial Plot,2000,21.359996,77.999791,1574,Non-Ganded,Excellent,4.47,3.27,1.53,0.88,1,2833200,3148000,3399840,3739824
74/3,Durgwada,Morshi,Amravati,Residential Plot,1050,21.355002,77.996351,4762,Non-Ganded,Good,1.12,2.01,1.71,2.25,0.84,4500090,5000100,5400108,5940118
75,Morshi Rural,Morshi,Amravati,Commercial Plot,2650,21.350902,78.017465,3040,Non-Ganded,Excellent,0.73,1.15,1.97,2.35,1.87,7250400,8056000,8700480,9570528
75/1,Morshi Rural,Morshi,Amravati,Residential Plot,1450,21.345376,78.021913,1616,Non-Ganded,Good,5.04,3.01,1.1,0.33,1.77,2108880,2343200,2530656,2783721
75/2,Yerla,Morshi,Amravati,Agricultural Plot,300,21.324454,78.028138,25919,Ganded,Excellent,3.41,1.46,2.6,2.27,1.46,6998130,7775700,8397756,9237531
75/3,Durgwada,Morshi,Amravati,Residential Plot,1050,21.357672,77.999705,2717,Ganded,Good,3.26,3.37,1.34,1.02,0.75,2567565,2852850,3081078,3389185
76,Yerla,Morshi,Amravati,Agricultural Plot,300,21.325243,78.027695,21778,Ganded,Excellent,0.26,2.15,2.01,1.91,1.14,5880060,6533400,7056072,7761679
76/1,Morshi Rural,Morshi,Amravati,Commercial Plot,2650,21.350735,78.017548,4529,Non-Ganded,Excellent,5.33,0.48,0.34,1.65,0.27,10801665,12001850,12961998,14258197
76/2,Yerla,Morshi,Amravati,Commercial Plot,2200,21.328029,78.028764,1430,Ganded,Excellent,5.65,3.4,0.39,1.57,2.2,2831400,3146000,3397680,3737448
76/3,Durgwada,Morshi,Amravati,Commercial Plot,2000,21.355675,77.999716,3495,Ganded,Good,3.1,1.3,1.37,1.72,0.69,6291000,6990000,7549200,8304120
77,Morshi Rural,Morshi,Amravati,Commercial Plot,2650,21.348546,78.013776,4312,Ganded,Good,3.32,1.44,1.15,1.71,2.2,10284120,11426800,12340944,13575038
77/1,Yerla,Morshi,Amravati,Commercial Plot,2200,21.330965,78.0258,1853,Ganded,Excellent,4.3,0.96,0.5,0.48,0.93,3668940,4076600,4402728,4843000
77/2,Durgwada,Morshi,Amravati,Residential Plot,1050,21.35948,77.997075,3401,Non-Ganded,Excellent,2.12,1.49,0.81,2.87,1.57,3213945,3571050,3856734,4242407
77/3,Durgwada,Morshi,Amravati,Residential Plot,1050,21.359239,77.997588,1415,Non-Ganded,Good,4.77,1.08,2.55,1.67,2.18,1337175,1485750,1604610,1765071
78,Yerla,Morshi,Amravati,Residential Plot,1200,21.327456,78.022671,3507,Non-Ganded,Good,4.97,0.99,2.05,1.85,1.63,3787560,4208400,4545072,4999579
78/1,Durgwada,Morshi,Amravati,Commercial Plot,2000,21.354072,78.00001,3199,Non-Ganded,Good,4.17,0.46,2.6,1.84,1.71,5758200,6398000,6909840,7600824
78/2,Yerla,Morshi,Amravati,Commercial Plot,2200,21.328855,78.023364,4783,Ganded,Excellent,3.78,1.89,1.54,0.46,0.68,9470340,10522600,11364408,12500848
78/3,Morshi Rural,Morshi,Amravati,Agricultural Plot,350,21.34772,78.010537,22935,Non-Ganded,Excellent,3.59,1.31,2.26,1.03,1.22,7224525,8027250,8669430,9536373
79,Yerla,Morshi,Amravati,Residential Plot,1200,21.328852,78.03099,2124,Non-Ganded,Excellent,4.57,0.91,0.56,1.61,0.8,2293920,2548800,2752704,3027974
79/1,Durgwada,Morshi,Amravati,Agricultural Plot,280,21.356866,78.003399,11676,Non-Ganded,Excellent,0.47,2.86,2.53,2.84,0.4,2942352,3269280,3530822,3883904
79/2,Yerla,Morshi,Amravati,Commercial Plot,2200,21.329947,78.024462,4080,Non-Ganded,Good,0.49,1.44,1.38,0.95,0.96,8078400,8976000,9694080,10663488
79/3,Yerla,Morshi,Amravati,Residential Plot,1200,21.327656,78.02911,2747,Ganded,Good,3.03,0.25,1.62,3.14,2.19,2966760,3296400,3560112,3916123
80,Morshi Rural,Morshi,Amravati,Commercial Plot,2650,21.344814,78.02008,2118,Non-Ganded,Good,2.23,0.58,2.63,0.48,0.35,5051430,5612700,6061716,6667887
80/1,Yerla,Morshi,Amravati,Commercial Plot,2200,21.325877,78.024847,3618,Non-Ganded,Good,2.94,1.52,1.54,2.48,1.21,7163640,7959600,8596368,9456004
80/2,Durgwada,Morshi,Amravati,Residential Plot,1050,21.359177,77.992733,1268,Non-Ganded,Good,2.95,3.12,0.6,0.85,0.21,1198260,1331400,1437912,1581703
80/3,Yerla,Morshi,Amravati,Residential Plot,1200,21.326414,78.027476,3693,Ganded,Good,4.32,2.64,0.38,2.41,0.29,3988440,4431600,4786128,5264740
81,Morshi Rural,Morshi,Amravati,Commercial Plot,2650,21.348366,78.015275,2649,Ganded,Excellent,3.28,1.46,2.16,1.39,1.16,6317865,7019850,7581438,8339581
81/1,Durgwada,Morshi,Amravati,Agricultural Plot,280,21.352387,78.001669,28787,Ganded,Excellent,0.5,1.55,2.21,0.41,0.84,7254324,8060360,8705188,9575706
81/2,Morshi Rural,Morshi,Amravati,Commercial Plot,2650,21.349649,78.017444,4173,Non-Ganded,Good,4.37,0.96,2.62,3,2.4,9952605,11058450,11943126,13137438
81/3,Yerla,Morshi,Amravati,Commercial Plot,2200,21.327416,78.030051,1512,Ganded,Excellent,5.42,3,1.78,0.88,1.29,2993760,3326400,3592512,3951763
82,Durgwada,Morshi,Amravati,Agricultural Plot,280,21.357027,78.002186,13208,Non-Ganded,Good,2.3,2.28,1.15,1.1,0.43,3328416,3698240,3994099,4393508
82/1,Yerla,Morshi,Amravati,Residential Plot,1200,21.33074,78.031305,3717,Non-Ganded,Good,2.19,0.79,2.21,1.67,0.45,4014360,4460400,4817232,5298955
82/2,Yerla,Morshi,Amravati,Commercial Plot,2200,21.329437,78.03075,1285,Non-Ganded,Good,1.19,2.63,2.74,0.36,2.26,2544300,2827000,3053160,3358476
82/3,Yerla,Morshi,Amravati,Residential Plot,1200,21.325734,78.028457,4970,Ganded,Good,1.98,1.57,1.65,1.24,0.23,5367600,5964000,6441120,7085232
83,Durgwada,Morshi,Amravati,Residential Plot,1050,21.353723,78.00074,4986,Ganded,Good,3.64,3.14,2.65,2.04,2.24,4711770,5235300,5654124,6219536
83/1,Durgwada,Morshi,Amravati,Commercial Plot,2000,21.353962,78.000968,4912,Non-Ganded,Excellent,5.69,2.42,0.55,1.36,0.55,8841600,9824000,10609920,11670912
83/2,Durgwada,Morshi,Amravati,Commercial Plot,2000,21.353038,77.996417,1665,Ganded,Excellent,2.59,2.19,1.82,2.83,0.4,2997000,3330000,3596400,3956040
83/3,Yerla,Morshi,Amravati,Residential Plot,1200,21.324007,78.023337,2180,Ganded,Excellent,4.06,2.64,0.56,1.65,2.15,2354400,2616000,2825280,3107808
84,Yerla,Morshi,Amravati,Residential Plot,1200,21.329595,78.02322,3101,Non-Ganded,Good,5.87,3.19,1.85,0.55,0.82,3349080,3721200,4018896,4420785
84/1,Morshi Rural,Morshi,Amravati,Residential Plot,1450,21.350005,78.021236,3484,Non-Ganded,Excellent,3.39,2.19,0.43,1.84,0.76,4546620,5051800,5455944,6001538
84/2,Yerla,Morshi,Amravati,Commercial Plot,2200,21.331416,78.028871,4913,Non-Ganded,Excellent,4.79,0.12,0.58,2.73,1.88,9727740,10808600,11673288,12840616
84/3,Yerla,Morshi,Amravati,Agricultural Plot,300,21.326275,78.022171,11168,Non-Ganded,Excellent,0.68,0.56,2.47,1.4,1.76,3015360,3350400,3618432,3980275
85,Yerla,Morshi,Amravati,Residential Plot,1200,21.327773,78.022172,2561,Non-Ganded,Excellent,5.38,2.04,1.84,2.15,1.85,2765880,3073200,3319056,3650961
85/1,Yerla,Morshi,Amravati,Agricultural Plot,300,21.328682,78.030633,21775,Non-Ganded,Excellent,5.1,0.63,0.69,1.95,2.06,5879250,6532500,7055100,7760610
85/2,Yerla,Morshi,Amravati,Agricultural Plot,300,21.331211,78.031922,23877,Ganded,Good,0.65,3.13,0.96,1.85,0.94,6446790,7163100,7736148,8509762
85/3,Yerla,Morshi,Amravati,Residential Plot,1200,21.331405,78.024618,2970,Ganded,Excellent,1.09,3.33,0.43,2.26,1.66,3207600,3564000,3849120,4234032
86,Morshi Rural,Morshi,Amravati,Agricultural Plot,350,21.348957,78.011804,22807,Non-Ganded,Excellent,4.5,1.02,2.26,1.31,0.92,7184205,7982450,8621046,9483150
86/1,Durgwada,Morshi,Amravati,Commercial Plot,2000,21.353118,77.992786,3399,Non-Ganded,Good,2.67,3.06,0.55,1.66,1.79,6118200,6798000,7341840,8076024
86/2,Yerla,Morshi,Amravati,Commercial Plot,2200,21.324653,78.027743,2859,Ganded,Good,0.92,3.37,1.29,2.14,0.75,5660820,6289800,6792984,7472282
86/3,Yerla,Morshi,Amravati,Residential Plot,1200,21.325362,78.02904,1647,Non-Ganded,Good,5.35,2.87,1.96,1.9,1.39,1778760,1976400,2134512,2347963
87,Morshi Rural,Morshi,Amravati,Commercial Plot,2650,21.350777,78.014275,2748,Non-Ganded,Excellent,2.55,1.34,1.15,2.33,1.61,6553980,7282200,7864776,8651253
87/1,Morshi Rural,Morshi,Amravati,Agricultural Plot,350,21.344802,78.011522,18747,Ganded,Good,4.11,2.99,1.8,0.91,1.6,5905305,6561450,7086366,7795002
87/2,Durgwada,Morshi,Amravati,Agricultural Plot,280,21.355312,77.997738,28341,Ganded,Good,5.98,0.46,0.97,2.09,1.7,7141932,7935480,8570318,9427349
87/3,Morshi Rural,Morshi,Amravati,Commercial Plot,2650,21.350403,78.010145,3061,Ganded,Excellent,0.72,1.04,2.21,3.16,1.55,7300485,8111650,8760582,9636640
88,Yerla,Morshi,Amravati,Residential Plot,1200,21.325283,78.031397,3778,Ganded,Excellent,3.44,2.68,0.84,2,2.01,4080240,4533600,4896288,5385916
88/1,Yerla,Morshi,Amravati,Residential Plot,1200,21.328076,78.031427,3954,Non-Ganded,Good,4.03,3.4,0.78,2.83,0.45,4270320,4744800,5124384,5636822
88/2,Durgwada,Morshi,Amravati,Agricultural Plot,280,21.353483,78.000311,22913,Ganded,Good,5.72,0.73,2.46,0.6,0.77,5774076,6415640,6928891,7621780
88/3,Durgwada,Morshi,Amravati,Commercial Plot,2000,21.356235,78.003951,2526,Ganded,Excellent,3.8,2.85,1.65,3.18,2.38,4546800,5052000,5456160,6001776
89,Yerla,Morshi,Amravati,Agricultural Plot,300,21.331421,78.029688,11732,Non-Ganded,Good,2.87,2.74,2,0.78,0.52,3167640,3519600,3801168,4181284
89/1,Morshi Rural,Morshi,Amravati,Commercial Plot,2650,21.346758,78.017113,1955,Ganded,Good,0.83,1.44,2.16,0.44,1.29,4662675,5180750,5595210,6154731
89/2,Yerla,Morshi,Amravati,Commercial Plot,2200,21.328032,78.031287,4759,Non-Ganded,Good,1.11,2.02,0.54,1.26,1.28,9422820,10469800,11307384,12438122
89/3,Durgwada,Morshi,Amravati,Agricultural Plot,280,21.354592,77.995368,22193,Non-Ganded,Good,2.57,2.94,1.08,1.81,2.07,5592636,6214040,6711163,7382279
90,Yerla,Morshi,Amravati,Residential Plot,1200,21.324709,78.031393,1475,Ganded,Good,4.7,3.21,0.43,2.19,1.59,1593000,1770000,1911600,2102760
90/1,Morshi Rural,Morshi,Amravati,Agricultural Plot,350,21.350463,78.015851,21764,Ganded,Good,0.45,2.66,1,1.48,1.74,6855660,7617400,8226792,9049471
90/2,Durgwada,Morshi,Amravati,Commercial Plot,2000,21.353709,77.995148,2349,Non-Ganded,Good,1.45,1.68,1.16,0.63,0.8,4228200,4698000,5073840,5581224
90/3,Durgwada,Morshi,Amravati,Agricultural Plot,280,21.35632,77.994044,11662,Non-Ganded,Excellent,4.06,1.46,0.92,2.59,0.85,2938824,3265360,3526588,3879246
91,Yerla,Morshi,Amravati,Residential Plot,1200,21.32867,78.026376,3496,Ganded,Excellent,2.59,0.91,1.33,0.84,1.36,3775680,4195200,4530816,4983897
91/1,Morshi Rural,Morshi,Amravati,Residential Plot,1450,21.347434,78.018473,4264,Non-Ganded,Good,1.24,2.45,0.34,1.75,1.92,5564520,6182800,6677424,7345166
91/2,Durgwada,Morshi,Amravati,Commercial Plot,2000,21.353288,78.000884,2048,Non-Ganded,Good,1.63,0.12,2.24,2.64,1.32,3686400,4096000,4423680,4866048
91/3,Morshi Rural,Morshi,Amravati,Residential Plot,1450,21.346932,78.018592,2760,Non-Ganded,Excellent,0.26,1.88,2.52,3.09,0.68,3601800,4002000,4322160,4754376
92,Yerla,Morshi,Amravati,Residential Plot,1200,21.324336,78.029651,2849,Ganded,Excellent,3.77,2.7,1.17,0.99,1.24,3076920,3418800,3692304,4061534
92/1,Yerla,Morshi,Amravati,Agricultural Plot,300,21.329581,78.031795,25455,Ganded,Good,5.32,0.84,1.84,2.69,2.19,6872850,7636500,8247420,9072162
92/2,Morshi Rural,Morshi,Amravati,Agricultural Plot,350,21.351655,78.014994,19818,Ganded,Good,0.86,0.3,0.89,2.16,0.39,6242670,6936300,7491204,8240324
92/3,Yerla,Morshi,Amravati,Residential Plot,1200,21.328335,78.025613,1437,Ganded,Excellent,5.04,0.15,2.57,2.73,1.9,1551960,1724400,1862352,2048587
93,Durgwada,Morshi,Amravati,Commercial Plot,2000,21.35621,77.99686,2239,Non-Ganded,Good,0.5,2.22,2.39,0.61,1.51,4030200,4478000,4836240,5319864
93/1,Morshi Rural,Morshi,Amravati,Agricultural Plot,350,21.350291,78.020292,28229,Non-Ganded,Excellent,0.59,2.04,0.9,1.69,2.01,8892135,9880150,10670562,11737618
93/2,Yerla,Morshi,Amravati,Agricultural Plot,300,21.331003,78.029098,29672,Ganded,Excellent,1.07,1.47,2.78,3.15,0.6,8011440,8901600,9613728,10575100
93/3,Morshi Rural,Morshi,Amravati,Agricultural Plot,350,21.344851,78.010217,24242,Non-Ganded,Excellent,1.1,2.61,0.41,3.01,1.64,7636230,8484700,9163476,10079823
94,Yerla,Morshi,Amravati,Agricultural Plot,300,21.325559,78.022089,16611,Ganded,Good,3.18,0.4,0.46,2.54,0.27,4484970,4983300,5381964,5920160
94/1,Yerla,Morshi,Amravati,Commercial Plot,2200,21.328587,78.024632,3947,Ganded,Excellent,0.63,0.21,2.04,1.61,1.8,7815060,8683400,9378072,10315879
94/2,Yerla,Morshi,Amravati,Agricultural Plot,300,21.330943,78.030244,24434,Ganded,Excellent,1.1,1.5,0.45,0.8,1.57,6597180,7330200,7916616,8708277
94/3,Durgwada,Morshi,Amravati,Commercial Plot,2000,21.353724,77.993914,1466,Ganded,Excellent,2.77,0.37,2.77,0.85,1.89,2638800,2932000,3166560,3483216
95,Durgwada,Morshi,Amravati,Agricultural Plot,280,21.354404,77.995945,12859,Non-Ganded,Good,3.34,2.44,2.05,2.08,0.34,3240468,3600520,3888561,4277417
95/1,Durgwada,Morshi,Amravati,Agricultural Plot,280,21.355167,78.000744,10369,Ganded,Excellent,3.73,3.04,0.23,2.86,1.83,2612988,2903320,3135585,3449143
95/2,Durgwada,Morshi,Amravati,Commercial Plot,2000,21.356431,77.994533,1465,Ganded,Excellent,3.27,1.46,1.56,2.25,0.77,2637000,2930000,3164400,3480840
95/3,Yerla,Morshi,Amravati,Residential Plot,1200,21.324021,78.025267,1286,Non-Ganded,Excellent,5.58,0.88,2.06,2.85,2.41,1388880,1543200,1666656,1833321
96,Morshi Rural,Morshi,Amravati,Commercial Plot,2650,21.350043,78.017531,2613,Ganded,Good,0.26,2.74,2.5,0.66,1.42,6232005,6924450,7478406,8226246
96/1,Morshi Rural,Morshi,Amravati,Residential Plot,1450,21.344307,78.01525,2632,Non-Ganded,Excellent,3.91,2.72,1.29,0.84,1.01,3434760,3816400,4121712,4533883
96/2,Morshi Rural,Morshi,Amravati,Commercial Plot,2650,21.346704,78.01156,1546,Non-Ganded,Excellent,3.41,1.78,2.44,3.15,0.45,3687210,4096900,4424652,4867117
96/3,Morshi Rural,Morshi,Amravati,Commercial Plot,2650,21.349686,78.019639,4425,Non-Ganded,Good,1.21,3.42,0.93,3.1,1.48,10553625,11726250,12664350,13930785
97,Morshi Rural,Morshi,Amravati,Residential Plot,1450,21.344662,78.015429,3288,Non-Ganded,Good,3.49,0.76,1.07,2.08,2.16,4290840,4767600,5149008,5663908
97/1,Durgwada,Morshi,Amravati,Agricultural Plot,280,21.359234,77.999381,27537,Non-Ganded,Excellent,3.56,1.97,1.37,1.01,0.26,6939324,7710360,8327188,9159906
97/2,Durgwada,Morshi,Amravati,Commercial Plot,2000,21.357622,78.003944,2616,Non-Ganded,Good,4.3,2.5,2.73,1.9,0.92,4708800,5232000,5650560,6215616
97/3,Durgwada,Morshi,Amravati,Agricultural Plot,280,21.352491,78.000818,27666,Non-Ganded,Excellent,5.87,1.88,1.52,1.91,1.77,6971832,7746480,8366198,9202817
98,Morshi Rural,Morshi,Amravati,Agricultural Plot,350,21.349775,78.014806,12376,Non-Ganded,Good,1.9,1.35,1.33,1.41,2.42,3898440,4331600,4678128,5145940
98/1,Morshi Rural,Morshi,Amravati,Commercial Plot,2650,21.344464,78.014848,2608,Ganded,Good,1.55,2.51,0.42,2.9,0.82,6220080,6911200,7464096,8210505
98/2,Morshi Rural,Morshi,Amravati,Residential Plot,1450,21.350278,78.01336,1324,Ganded,Good,5.21,3.05,1.7,2.37,1.3,1727820,1919800,2073384,2280722
98/3,Morshi Rural,Morshi,Amravati,Commercial Plot,2650,21.348718,78.013019,4542,Non-Ganded,Excellent,2.41,2.17,0.37,1.76,1.29,10832670,12036300,12999204,14299124
99,Yerla,Morshi,Amravati,Commercial Plot,2200,21.326991,78.024976,4196,Ganded,Excellent,5.46,2.15,0.55,0.64,2.29,8308080,9231200,9969696,10966665
99/1,Morshi Rural,Morshi,Amravati,Commercial Plot,2650,21.347533,78.01343,3257,Ganded,Excellent,4.67,2.69,1.64,2.03,0.42,7767945,8631050,9321534,10253687
99/2,Yerla,Morshi,Amravati,Agricultural Plot,300,21.330303,78.030832,18000,Ganded,Excellent,2.32,2.61,1.62,2.87,1.29,4860000,5400000,5832000,6415200
99/3,Yerla,Morshi,Amravati,Agricultural Plot,300,21.32794,78.024216,17798,Non-Ganded,Excellent,0.89,2.84,2.71,3.15,1.31,4805460,5339400,5766552,6343207
100,Durgwada,Morshi,Amravati,Residential Plot,1050,21.356427,77.994065,2338,Ganded,Good,3.27,1.92,1.29,0.69,0.75,2209410,2454900,2651292,2916421
100/1,Morshi Rural,Morshi,Amravati,Residential Plot,1450,21.350657,78.018757,3597,Non-Ganded,Excellent,0.28,3.49,1.07,0.95,0.63,4694085,5215650,5632902,6196192
100/2,Yerla,Morshi,Amravati,Commercial Plot,2200,21.327525,78.02634,4184,Non-Ganded,Excellent,2.21,1.67,2.22,2.32,0.41,8284320,9204800,9941184,10935302
100/3,Durgwada,Morshi,Amravati,Agricultural Plot,280,21.354374,77.99307,16184,Non-Ganded,Good,5.82,0.28,0.77,1.03,0.87,4078368,4531520,4894041,5383445
101,Morshi Rural,Morshi,Amravati,Commercial Plot,2650,21.345237,78.011903,3903,Non-Ganded,Excellent,5.09,1.47,2.45,3.16,2.31,9308655,10342950,11170386,12287424
101/1,Morshi Rural,Morshi,Amravati,Residential Plot,1450,21.351667,78.020594,2914,Ganded,Good,3.1,2.43,1.43,2.59,1.73,3802770,4225300,4563324,5019656
101/2,Durgwada,Morshi,Amravati,Commercial Plot,2000,21.354902,78.003222,2458,Non-Ganded,Good,2.6,2.86,1.17,0.86,0.29,4424400,4916000,5309280,5840208
101/3,Durgwada,Morshi,Amravati,Agricultural Plot,280,21.355473,77.992604,21029,Ganded,Good,0.33,0.59,0.31,1.86,2.34,5299308,5888120,6359169,6995085
102,Durgwada,Morshi,Amravati,Agricultural Plot,280,21.357704,77.997197,10450,Non-Ganded,Good,5.95,0.65,1.2,2.62,1.89,2633400,2926000,3160080,3476088
102/1,Durgwada,Morshi,Amravati,Agricultural Plot,280,21.357307,77.998933,23651,Ganded,Good,4.49,3.07,2.61,2.46,0.67,5960052,6622280,7152062,7867268
102/2,Morshi Rural,Morshi,Amravati,Residential Plot,1450,21.348075,78.016751,3388,Non-Ganded,Good,5.45,2.6,2.78,2.4,1.3,4421340,4912600,5305608,5836168
102/3,Yerla,Morshi,Amravati,Agricultural Plot,300,21.324747,78.022338,25237,Non-Ganded,Good,3.43,2.4,1.07,0.36,2.21,6813990,7571100,8176788,8994466
103,Durgwada,Morshi,Amravati,Residential Plot,1050,21.353659,77.992053,3697,Ganded,Excellent,0.23,2.55,1.81,1.45,1.38,3493665,3881850,4192398,4611637
103/1,Morshi Rural,Morshi,Amravati,Residential Plot,1450,21.344177,78.010771,2830,Ganded,Good,3.22,3.06,2.71,0.41,1.23,3693150,4103500,4431780,4874958
103/2,Yerla,Morshi,Amravati,Agricultural Plot,300,21.329181,78.028456,29817,Non-Ganded,Good,1.52,0.11,0.66,2.49,1.69,8050590,8945100,9660708,10626778
103/3,Yerla,Morshi,Amravati,Residential Plot,1200,21.329017,78.024565,1838,Non-Ganded,Good,2.95,1.17,1.33,1.76,1.82,1985040,2205600,2382048,2620252
104,Yerla,Morshi,Amravati,Commercial Plot,2200,21.330245,78.026833,3951,Ganded,Excellent,1.29,2.87,0.68,1.13,1.43,7822980,8692200,9387576,10326333
104/1,Yerla,Morshi,Amravati,Residential Plot,1200,21.326519,78.022914,1887,Non-Ganded,Good,6,1.13,0.28,1.92,0.57,2037960,2264400,2445552,2690107
104/2,Durgwada,Morshi,Amravati,Agricultural Plot,280,21.355302,77.997678,17968,Non-Ganded,Excellent,0.66,3.14,2.42,1.11,1.22,4527936,5031040,5433523,5976875
104/3,Morshi Rural,Morshi,Amravati,Commercial Plot,2650,21.34481,78.012982,2505,Non-Ganded,Good,4.92,3.09,1.66,2.92,1.17,5974425,6638250,7169310,7886241
105,Morshi Rural,Morshi,Amravati,Residential Plot,1450,21.345914,78.015433,2121,Ganded,Good,3.66,2,2.69,2.03,1.37,2767905,3075450,3321486,3653634
105/1,Yerla,Morshi,Amravati,Residential Plot,1200,21.328613,78.027156,3014,Non-Ganded,Excellent,3.79,3.11,2.05,1.03,0.79,3255120,3616800,3906144,4296758
105/2,Yerla,Morshi,Amravati,Commercial Plot,2200,21.32723,78.030624,3983,Non-Ganded,Excellent,0.33,2.68,2.1,2.35,2.14,7886340,8762600,9463608,10409968
105/3,Durgwada,Morshi,Amravati,Commercial Plot,2000,21.352014,77.995824,2601,Non-Ganded,Good,1.76,1.72,2.63,1.88,1.35,4681800,5202000,5618160,6179976
106,Morshi Rural,Morshi,Amravati,Commercial Plot,2650,21.347605,78.021856,3386,Ganded,Good,0.5,2.25,0.89,1.05,1.37,8075610,8972900,9690732,10659805
106/1,Morshi Rural,Morshi,Amravati,Commercial Plot,2650,21.344511,78.019675,1453,Non-Ganded,Excellent,4.91,2.01,1.28,2.01,2.13,3465405,3850450,4158486,4574334
106/2,Durgwada,Morshi,Amravati,Residential Plot,1050,21.352517,78.00265,1551,Non-Ganded,Excellent,2.6,3.23,2.64,1.49,2.46,1465695,1628550,1758834,1934717
106/3,Durgwada,Morshi,Amravati,Residential Plot,1050,21.355281,77.995473,1355,Non-Ganded,Excellent,2.72,1.36,2.78,1.2,0.51,1280475,1422750,1536570,1690227
107,Yerla,Morshi,Amravati,Residential Plot,1200,21.326463,78.029306,1701,Ganded,Good,4.74,2.53,2.54,2.53,0.77,1837080,2041200,2204496,2424945
107/1,Durgwada,Morshi,Amravati,Commercial Plot,2000,21.353432,77.996018,1317,Non-Ganded,Good,0.83,0.4,1.77,0.57,1.51,2370600,2634000,2844720,3129192
107/2,Morshi Rural,Morshi,Amravati,Commercial Plot,2650,21.345544,78.010559,2895,Ganded,Good,4.21,2.43,2.64,2.82,0.48,6904575,7671750,8285490,9114039
107/3,Yerla,Morshi,Amravati,Residential Plot,1200,21.331018,78.02798,4821,Ganded,Good,2.59,3.07,2.74,0.89,0.74,5206680,5785200,6248016,6872817
108,Morshi Rural,Morshi,Amravati,Residential Plot,1450,21.348038,78.016224,2777,Ganded,Excellent,2.62,1.94,2.77,2.26,0.85,3623985,4026650,4348782,4783660
108/1,Durgwada,Morshi,Amravati,Commercial Plot,2000,21.354414,78.000503,2033,Ganded,Excellent,4.85,0.75,1.03,1.94,0.37,3659400,4066000,4391280,4830408
108/2,Morshi Rural,Morshi,Amravati,Commercial Plot,2650,21.346212,78.011538,3713,Non-Ganded,Good,5.37,0.75,2.39,3.13,2.31,8855505,9839450,10626606,11689266
108/3,Yerla,Morshi,Amravati,Commercial Plot,2200,21.32618,78.029666,3165,Ganded,Good,4.66,1.43,2.8,1.32,1.8,6266700,6963000,7520040,8272044
109,Durgwada,Morshi,Amravati,Agricultural Plot,280,21.359833,77.99261,26811,Non-Ganded,Excellent,3.83,0.21,1.41,1.76,1.88,6756372,7507080,8107646,8918410
109/1,Yerla,Morshi,Amravati,Agricultural Plot,300,21.32962,78.031366,16181,Ganded,Excellent,4.98,1.21,1.2,1.24,0.93,4368870,4854300,5242644,5766908
109/2,Durgwada,Morshi,Amravati,Residential Plot,1050,21.359042,77.992981,2405,Ganded,Good,3.79,3.4,1.51,1.87,0.43,2272725,2525250,2727270,2999997
109/3,Durgwada,Morshi,Amravati,Agricultural Plot,280,21.355927,77.999699,25580,Non-Ganded,Excellent,5.86,0.17,2.58,0.67,0.37,6446160,7162400,7735392,8508931
110,Morshi Rural,Morshi,Amravati,Residential Plot,1450,21.34854,78.02037,1952,Ganded,Excellent,2.41,1.7,2.69,2.07,0.6,2547360,2830400,3056832,3362515
110/1,Morshi Rural,Morshi,Amravati,Commercial Plot,2650,21.345082,78.018244,2362,Non-Ganded,Excellent,5.94,1.8,1.63,0.83,1.58,5633370,6259300,6760044,7436048
110/2,Morshi Rural,Morshi,Amravati,Residential Plot,1450,21.346455,78.01137,3867,Non-Ganded,Excellent,2.01,0.88,2.22,1.59,1.9,5046435,5607150,6055722,6661294
110/3,Durgwada,Morshi,Amravati,Commercial Plot,2000,21.35656,78.0011,3374,Ganded,Good,0.67,0.9,1.87,0.83,0.63,6073200,6748000,7287840,8016624
111,Durgwada,Morshi,Amravati,Commercial Plot,2000,21.353591,78.002732,3045,Ganded,Excellent,2.43,1.85,0.38,0.35,2.5,5481000,6090000,6577200,7234920
111/1,Morshi Rural,Morshi,Amravati,Commercial Plot,2650,21.344471,78.019032,1532,Ganded,Good,5.89,3.3,2.26,1.35,2.47,3653820,4059800,4384584,4823042
111/2,Durgwada,Morshi,Amravati,Agricultural Plot,280,21.358381,77.995693,25378,Non-Ganded,Excellent,4.67,1.51,0.3,2.75,2.38,6395256,7105840,7674307,8441737
111/3,Yerla,Morshi,Amravati,Agricultural Plot,300,21.331,78.024327,17308,Non-Ganded,Good,0.44,0.44,2,2.36,2.2,4673160,5192400,5607792,6168571
112,Morshi Rural,Morshi,Amravati,Residential Plot,1450,21.344931,78.016739,3938,Non-Ganded,Excellent,5.84,2.71,1.63,1.9,1.36,5139090,5710100,6166908,6783598
112/1,Yerla,Morshi,Amravati,Agricultural Plot,300,21.325858,78.023594,26906,Non-Ganded,Excellent,4.03,2.5,2.58,0.66,0.89,7264620,8071800,8717544,9589298
112/2,Durgwada,Morshi,Amravati,Agricultural Plot,280,21.35287,77.999641,11344,Ganded,Excellent,0.56,3.38,2.28,2.89,1.43,2858688,3176320,3430425,3773467
112/3,Yerla,Morshi,Amravati,Commercial Plot,2200,21.331375,78.031435,1253,Non-Ganded,Excellent,4.93,1.28,2.45,3.13,2.16,2480940,2756600,2977128,3274840
113,Durgwada,Morshi,Amravati,Residential Plot,1050,21.354881,77.993544,2365,Non-Ganded,Excellent,3.67,2.28,2.34,1.44,1.32,2234925,2483250,2681910,2950101
113/1,Morshi Rural,Morshi,Amravati,Commercial Plot,2650,21.347883,78.012137,4670,Ganded,Excellent,2.63,1.82,1.43,2.27,2.28,11137950,12375500,13365540,14702094
113/2,Yerla,Morshi,Amravati,Commercial Plot,2200,21.330883,78.022675,4632,Non-Ganded,Excellent,5.44,1.97,0.98,1.57,1.63,9171360,10190400,11005632,12106195
113/3,Morshi Rural,Morshi,Amravati,Agricultural Plot,350,21.347415,78.018034,19956,Ganded,Excellent,4.19,1.55,1.04,0.63,0.94,6286140,6984600,7543368,8297704
114,Yerla,Morshi,Amravati,Commercial Plot,2200,21.327545,78.02369,1478,Ganded,Excellent,4.11,1.78,2.08,2.35,0.84,2926440,3251600,3511728,3862900
114/1,Yerla,Morshi,Amravati,Commercial Plot,2200,21.326717,78.025989,4566,Ganded,Good,4.87,2.43,0.3,2.3,1.13,9040680,10045200,10848816,11933697
114/2,Durgwada,Morshi,Amravati,Residential Plot,1050,21.353884,78.000145,3191,Non-Ganded,Excellent,4.6,2.2,1.23,1.14,0.65,3015495,3350550,3618594,3980453
114/3,Durgwada,Morshi,Amravati,Residential Plot,1050,21.353241,77.996412,1501,Non-Ganded,Good,3.81,0.38,2.55,1.04,0.84,1418445,1576050,1702134,1872347
115,Durgwada,Morshi,Amravati,Residential Plot,1050,21.353981,77.993221,3885,Non-Ganded,Excellent,0.63,0.57,2.13,3.06,2.05,3671325,4079250,4405590,4846149
115/1,Durgwada,Morshi,Amravati,Commercial Plot,2000,21.3565,77.995198,2232,Non-Ganded,Excellent,2.68,2.19,2.46,2.76,0.79,4017600,4464000,4821120,5303232
115/2,Morshi Rural,Morshi,Amravati,Commercial Plot,2650,21.345904,78.012166,1846,Non-Ganded,Excellent,5.47,0.55,1.4,1.57,1.53,4402710,4891900,5283252,5811577
115/3,Morshi Rural,Morshi,Amravati,Commercial Plot,2650,21.346151,78.010475,3162,Ganded,Excellent,3.83,1.73,2.13,0.76,1,7541370,8379300,9049644,9954608
116,Durgwada,Morshi,Amravati,Commercial Plot,2000,21.353646,77.999292,4073,Ganded,Good,3.29,1.19,0.47,1.62,2.02,7331400,8146000,8797680,9677448
116/1,Morshi Rural,Morshi,Amravati,Residential Plot,1450,21.348539,78.016219,1494,Non-Ganded,Good,5.07,1.43,2.35,1.55,0.31,1949670,2166300,2339604,2573564
116/2,Morshi Rural,Morshi,Amravati,Commercial Plot,2650,21.346076,78.017755,3311,Non-Ganded,Excellent,4.24,2.88,0.74,1.36,1.72,7896735,8774150,9476082,10423690
116/3,Yerla,Morshi,Amravati,Residential Plot,1200,21.33037,78.022018,4136,Ganded,Good,5.01,2.38,1.02,3.14,1.99,4466880,4963200,5360256,5896281
117,Yerla,Morshi,Amravati,Agricultural Plot,300,21.324683,78.031114,16818,Ganded,Good,3.36,2.15,2.62,2.06,2.34,4540860,5045400,5449032,5993935
117/1,Yerla,Morshi,Amravati,Agricultural Plot,300,21.330141,78.023068,20115,Non-Ganded,Good,0.64,0.94,1.81,0.73,2.08,5431050,6034500,6517260,7168986
117/2,Durgwada,Morshi,Amravati,Commercial Plot,2000,21.356391,77.996343,1229,Ganded,Good,4.7,1.19,1.59,1.36,0.25,2212200,2458000,2654640,2920104
117/3,Morshi Rural,Morshi,Amravati,Commercial Plot,2650,21.351112,78.016204,4605,Non-Ganded,Good,4.99,1,2.46,1.23,2,10982925,12203250,13179510,14497461
118,Durgwada,Morshi,Amravati,Agricultural Plot,280,21.353537,77.993491,27509,Ganded,Excellent,2.53,1.75,2.41,2.73,0.27,6932268,7702520,8318721,9150593
118/1,Morshi Rural,Morshi,Amravati,Residential Plot,1450,21.347613,78.021904,4449,Ganded,Excellent,5.21,2.77,0.66,1.82,0.48,5805945,6451050,6967134,7663847
118/2,Yerla,Morshi,Amravati,Commercial Plot,2200,21.327811,78.023775,4431,Ganded,Good,3.36,1.46,2.17,2.81,2.09,8773380,9748200,10528056,11580861
118/3,Morshi Rural,Morshi,Amravati,Residential Plot,1450,21.347123,78.011766,4986,Non-Ganded,Good,1.07,0.11,0.85,2.26,0.91,6506730,7229700,7808076,8588883
119,Durgwada,Morshi,Amravati,Commercial Plot,2000,21.359582,78.002035,4829,Non-Ganded,Good,0.89,2.78,0.4,2.81,1.37,8692200,9658000,10430640,11473704
119/1,Durgwada,Morshi,Amravati,Commercial Plot,2000,21.357349,77.995382,3683,Non-Ganded,Good,5.72,2.43,2.28,1.21,2.17,6629400,7366000,7955280,8750808
119/2,Yerla,Morshi,Amravati,Residential Plot,1200,21.324465,78.027019,1798,Ganded,Good,2.31,2.96,0.69,0.59,1.12,1941840,2157600,2330208,2563228
119/3,Morshi Rural,Morshi,Amravati,Residential Plot,1450,21.346352,78.010441,1945,Non-Ganded,Excellent,1.28,2.6,0.5,0.92,1.17,2538225,2820250,3045870,3350457
120,Durgwada,Morshi,Amravati,Residential Plot,1050,21.357035,78.00103,4315,Ganded,Excellent,4.76,0.8,0.88,1.65,1.62,4077675,4530750,4893210,5382531
120/1,Morshi Rural,Morshi,Amravati,Commercial Plot,2650,21.346565,78.017001,4355,Non-Ganded,Excellent,2.38,2.67,1.62,0.4,1.82,10386675,11540750,12464010,13710411
120/2,Morshi Rural,Morshi,Amravati,Agricultural Plot,350,21.345408,78.012571,27305,Ganded,Good,3.52,0.59,1.91,1.68,2.18,8601075,9556750,10321290,11353419
120/3,Yerla,Morshi,Amravati,Residential Plot,1200,21.329466,78.029532,3172,Non-Ganded,Good,4.94,2.16,2.18,0.46,2.18,3425760,3806400,4110912,4522003
121,Morshi Rural,Morshi,Amravati,Agricultural Plot,350,21.351624,78.019394,21698,Ganded,Good,1.83,1.69,2.55,2.66,0.62,6834870,7594300,8201844,9022028
121/1,Yerla,Morshi,Amravati,Agricultural Plot,300,21.3275,78.029065,17757,Ganded,Excellent,2.81,2.81,2.61,0.87,0.56,4794390,5327100,5753268,6328594
121/2,Durgwada,Morshi,Amravati,Residential Plot,1050,21.354145,77.99697,3375,Ganded,Good,2.71,0.56,1.17,1.69,1.41,3189375,3543750,3827250,4209975
121/3,Durgwada,Morshi,Amravati,Residential Plot,1050,21.353389,77.998468,3838,Non-Ganded,Excellent,2.56,1.76,2.28,0.62,1.44,3626910,4029900,4352292,4787521
122,Morshi Rural,Morshi,Amravati,Agricultural Plot,350,21.347294,78.02048,10572,Non-Ganded,Good,0.75,0.49,1.48,2.13,1.53,3330180,3700200,3996216,4395837
122/1,Durgwada,Morshi,Amravati,Agricultural Plot,280,21.355227,77.998139,10522,Non-Ganded,Good,2.19,0.41,1.49,2.91,0.23,2651544,2946160,3181852,3500037
122/2,Durgwada,Morshi,Amravati,Residential Plot,1050,21.355455,77.998206,2135,Ganded,Excellent,4.44,1.3,2.8,0.99,1.1,2017575,2241750,2421090,2663199
122/3,Yerla,Morshi,Amravati,Residential Plot,1200,21.328342,78.026366,3151,Non-Ganded,Good,4.92,3.08,0.6,1.11,1.46,3403080,3781200,4083696,4492065
123,Yerla,Morshi,Amravati,Commercial Plot,2200,21.33054,78.030313,3496,Ganded,Excellent,0.32,1.98,0.9,3.05,0.46,6922080,7691200,8306496,9137145
123/1,Durgwada,Morshi,Amravati,Commercial Plot,2000,21.352555,77.995235,4854,Ganded,Good,2.22,0.86,0.55,2.18,1.5,8737200,9708000,10484640,11533104
123/2,Durgwada,Morshi,Amravati,Commercial Plot,2000,21.352204,78.002428,3409,Non-Ganded,Good,2.11,1.64,0.99,0.94,1.58,6136200,6818000,7363440,8099784
123/3,Yerla,Morshi,Amravati,Agricultural Plot,300,21.324503,78.031951,23250,Ganded,Good,4.09,2.29,1.39,2.7,1.51,6277500,6975000,7533000,8286300
124,Yerla,Morshi,Amravati,Residential Plot,1200,21.326634,78.02236,2658,Non-Ganded,Excellent,1.07,2.28,1.6,1.58,1.17,2870640,3189600,3444768,3789244
124/1,Morshi Rural,Morshi,Amravati,Commercial Plot,2650,21.350171,78.015257,1678,Non-Ganded,Good,1.66,3.19,2.49,0.33,2.13,4002030,4446700,4802436,5282679
124/2,Durgwada,Morshi,Amravati,Residential Plot,1050,21.352869,78.002486,1950,Non-Ganded,Good,5.78,3.12,2.27,2,2.44,1842750,2047500,2211300,2432430
124/3,Yerla,Morshi,Amravati,Residential Plot,1200,21.330087,78.027678,2153,Ganded,Good,0.28,2.71,2.39,1.49,2.19,2325240,2583600,2790288,3069316
125,Morshi Rural,Morshi,Amravati,Residential Plot,1450,21.348899,78.020593,1275,Ganded,Good,5.86,2.93,1.86,2.73,0.78,1663875,1848750,1996650,2196315
125/1,Yerla,Morshi,Amravati,Agricultural Plot,300,21.330024,78.02948,20340,Ganded,Good,5.6,1.14,2.6,3.1,1.15,5491800,6102000,6590160,7249176
125/2,Morshi Rural,Morshi,Amravati,Residential Plot,1450,21.346894,78.016389,3532,Non-Ganded,Excellent,1.95,0.18,0.7,3.16,2.24,4609260,5121400,5531112,6084223
125/3,Morshi Rural,Morshi,Amravati,Residential Plot,1450,21.35127,78.020409,1502,Non-Ganded,Excellent,1.11,1.28,1.34,1.13,1.11,1960110,2177900,2352132,2587345
126,Durgwada,Morshi,Amravati,Residential Plot,1050,21.353365,78.003018,3624,Ganded,Good,0.2,3.33,0.58,3.19,1.7,3424680,3805200,4109616,4520577
126/1,Morshi Rural,Morshi,Amravati,Residential Plot,1450,21.351331,78.018746,2335,Ganded,Good,3.09,1.85,0.39,1.24,1.15,3047175,3385750,3656610,4022271
126/2,Yerla,Morshi,Amravati,Agricultural Plot,300,21.328484,78.027515,22838,Ganded,Good,2.55,1.66,0.44,0.67,2.45,6166260,6851400,7399512,8139463
126/3,Morshi Rural,Morshi,Amravati,Agricultural Plot,350,21.345055,78.02054,18470,Non-Ganded,Excellent,5.03,0.22,0.91,0.54,1.34,5818050,6464500,6981660,7679826
127,Morshi Rural,Morshi,Amravati,Residential Plot,1450,21.345756,78.011639,3464,Ganded,Excellent,4.13,1.31,1.89,3.11,2.23,4520520,5022800,5424624,5967086
127/1,Morshi Rural,Morshi,Amravati,Commercial Plot,2650,21.346453,78.021568,2538,Ganded,Excellent,1.56,3.11,1.76,2.46,0.37,6053130,6725700,7263756,7990131
127/2,Morshi Rural,Morshi,Amravati,Commercial Plot,2650,21.346644,78.017786,2749,Non-Ganded,Good,5.13,0.74,1.93,0.96,0.91,6556365,7284850,7867638,8654401
127/3,Durgwada,Morshi,Amravati,Residential Plot,1050,21.357419,78.001535,1815,Non-Ganded,Excellent,4.3,0.41,0.88,1.1,1.53,1715175,1905750,2058210,2264031
128,Yerla,Morshi,Amravati,Agricultural Plot,300,21.324269,78.026049,26045,Ganded,Good,3.25,3.44,2.65,1.08,1.95,7032150,7813500,8438580,9282438
128/1,Yerla,Morshi,Amravati,Commercial Plot,2200,21.326571,78.031563,4761,Ganded,Good,3.71,1.45,0.23,2.14,0.3,9426780,10474200,11312136,12443349
128/2,Morshi Rural,Morshi,Amravati,Residential Plot,1450,21.351189,78.014325,2164,Ganded,Good,3.26,1.8,0.56,2.24,1,2824020,3137800,3388824,3727706
128/3,Durgwada,Morshi,Amravati,Residential Plot,1050,21.357694,78.003098,4743,Non-Ganded,Good,3.35,2.17,2.44,2.03,1.4,4482135,4980150,5378562,5916418
129,Morshi Rural,Morshi,Amravati,Agricultural Plot,350,21.350899,78.020997,13068,Non-Ganded,Good,5.44,3.46,0.94,1.63,2.08,4116420,4573800,4939704,5433674
129/1,Morshi Rural,Morshi,Amravati,Residential Plot,1450,21.346926,78.014142,3364,Non-Ganded,Excellent,1.27,0.72,0.82,2.83,2.02,4390020,4877800,5268024,5794826
129/2,Yerla,Morshi,Amravati,Commercial Plot,2200,21.325071,78.022457,3043,Non-Ganded,Good,3.2,0.45,2.17,1.35,1.32,6025140,6694600,7230168,7953184
129/3,Morshi Rural,Morshi,Amravati,Commercial Plot,2650,21.351498,78.014767,3620,Ganded,Good,1.46,2.55,2.32,2.14,2.47,8633700,9593000,10360440,11396484
130,Morshi Rural,Morshi,Amravati,Agricultural Plot,350,21.348009,78.014571,28269,Ganded,Excellent,3.52,1.93,1.98,1.87,1.7,8904735,9894150,10685682,11754250
130/1,Morshi Rural,Morshi,Amravati,Agricultural Plot,350,21.346068,78.013303,10516,Ganded,Excellent,5.61,0.19,2.01,1.34,2.32,3312540,3680600,3975048,4372552
130/2,Durgwada,Morshi,Amravati,Residential Plot,1050,21.354165,77.996429,3708,Non-Ganded,Good,5.74,2.33,2,1.83,0.96,3504060,3893400,4204872,4625359
130/3,Morshi Rural,Morshi,Amravati,Agricultural Plot,350,21.350649,78.019979,19654,Non-Ganded,Excellent,3.84,1.18,1.14,0.48,1.69,6191010,6878900,7429212,8172133
131,Durgwada,Morshi,Amravati,Commercial Plot,2000,21.354405,77.995762,3618,Ganded,Good,3.93,3.36,0.54,0.66,1.9,6512400,7236000,7814880,8596368
131/1,Morshi Rural,Morshi,Amravati,Commercial Plot,2650,21.347089,78.014992,2659,Non-Ganded,Excellent,2.6,0.96,0.43,2.11,2.12,6341715,7046350,7610058,8371063
131/2,Morshi Rural,Morshi,Amravati,Residential Plot,1450,21.348479,78.01547,2171,Non-Ganded,Good,4.22,1.86,0.77,2.89,0.86,2833155,3147950,3399786,3739764
131/3,Durgwada,Morshi,Amravati,Residential Plot,1050,21.354828,77.999995,2704,Non-Ganded,Excellent,5.1,3.23,0.59,1.73,1.4,2555280,2839200,3066336,3372969
132,Morshi Rural,Morshi,Amravati,Residential Plot,1450,21.347795,78.017437,2574,Ganded,Excellent,0.59,3.47,0.52,2.76,2.03,3359070,3732300,4030884,4433972
132/1,Durgwada,Morshi,Amravati,Commercial Plot,2000,21.352142,77.999869,1852,Ganded,Excellent,0.6,1.92,0.41,0.58,0.44,3333600,3704000,4000320,4400352
132/2,Durgwada,Morshi,Amravati,Commercial Plot,2000,21.354438,78.000778,4136,Ganded,Good,2.4,1.36,1.58,2.67,0.24,7444800,8272000,8933760,9827136
132/3,Durgwada,Morshi,Amravati,Agricultural Plot,280,21.355636,78.000867,23700,Non-Ganded,Excellent,1.71,0.26,1.1,2.95,2.16,5972400,6636000,7166880,7883568
133,Morshi Rural,Morshi,Amravati,Agricultural Plot,350,21.350031,78.020276,21093,Non-Ganded,Excellent,4.77,2.48,0.5,3.04,0.89,6644295,7382550,7973154,8770469
133/1,Morshi Rural,Morshi,Amravati,Residential Plot,1450,21.351776,78.015784,3961,Non-Ganded,Excellent,3.09,1.17,2.54,2.83,1.5,5169105,5743450,6202926,6823218
133/2,Morshi Rural,Morshi,Amravati,Residential Plot,1450,21.346145,78.017918,1219,Non-Ganded,Excellent,3.61,0.95,1.25,1.49,0.97,1590795,1767550,1908954,2099849
133/3,Yerla,Morshi,Amravati,Agricultural Plot,300,21.326251,78.024713,12174,Ganded,Excellent,1.41,1.74,2.64,2.22,1.55,3286980,3652200,3944376,4338813
134,Durgwada,Morshi,Amravati,Commercial Plot,2000,21.357287,77.993188,3943,Ganded,Good,1.07,1.96,1.48,1.79,1.12,7097400,7886000,8516880,9368568
134/1,Morshi Rural,Morshi,Amravati,Agricultural Plot,350,21.346921,78.014305,17198,Non-Ganded,Excellent,2.66,0.15,0.6,2.31,1.11,5417370,6019300,6500844,7150928
134/2,Yerla,Morshi,Amravati,Residential Plot,1200,21.325926,78.031433,2667,Non-Ganded,Good,1.46,2.89,0.65,1.43,0.91,2880360,3200400,3456432,3802075
134/3,Durgwada,Morshi,Amravati,Agricultural Plot,280,21.357027,78.002664,22768,Non-Ganded,Good,2.65,0.97,1.79,2.86,1.38,5737536,6375040,6885043,7573547
135,Morshi Rural,Morshi,Amravati,Agricultural Plot,350,21.345462,78.015471,15805,Non-Ganded,Excellent,5.03,1.1,1.55,0.85,2.47,4978575,5531750,5974290,6571719
135/1,Durgwada,Morshi,Amravati,Residential Plot,1050,21.357536,78.000594,3107,Ganded,Excellent,3.58,2.26,0.63,1.89,1.43,2936115,3262350,3523338,3875671
135/2,Yerla,Morshi,Amravati,Residential Plot,1200,21.329433,78.028026,3935,Non-Ganded,Excellent,1.06,1.3,0.57,2.09,1.97,4249800,4722000,5099760,5609736
135/3,Durgwada,Morshi,Amravati,Residential Plot,1050,21.356487,78.003708,2681,Non-Ganded,Good,4.33,0.8,0.42,1.62,0.87,2533545,2815050,3040254,3344279
136,Durgwada,Morshi,Amravati,Residential Plot,1050,21.356399,78.003477,4409,Non-Ganded,Excellent,0.97,2.39,1.65,1.51,2.25,4166505,4629450,4999806,5499786
136/1,Durgwada,Morshi,Amravati,Agricultural Plot,280,21.355113,78.000968,28038,Ganded,Good,5.21,0.28,0.71,2.89,2.24,7065576,7850640,8478691,9326560
136/2,Morshi Rural,Morshi,Amravati,Residential Plot,1450,21.349488,78.018781,2416,Ganded,Good,5.37,3.04,0.82,3.12,0.77,3152880,3503200,3783456,4161801
136/3,Morshi Rural,Morshi,Amravati,Agricultural Plot,350,21.34492,78.021502,17531,Ganded,Excellent,2.8,1.48,0.53,0.34,1.45,5522265,6135850,6626718,7289389
137,Yerla,Morshi,Amravati,Residential Plot,1200,21.326124,78.022278,4898,Non-Ganded,Good,5.69,0.72,1.39,2.35,2.39,5289840,5877600,6347808,6982588
137/1,Durgwada,Morshi,Amravati,Commercial Plot,2000,21.357069,77.999996,1782,Non-Ganded,Good,2.9,0.41,2.5,2.82,1.8,3207600,3564000,3849120,4234032
137/2,Durgwada,Morshi,Amravati,Agricultural Plot,280,21.357206,77.998672,17344,Ganded,Excellent,5.01,0.73,1.83,1.81,1.17,4370688,4856320,5244825,5769307
137/3,Yerla,Morshi,Amravati,Residential Plot,1200,21.326266,78.023077,1906,Non-Ganded,Excellent,3.69,1.06,1.29,3.07,2.41,2058480,2287200,2470176,2717193
138,Yerla,Morshi,Amravati,Agricultural Plot,300,21.328882,78.02698,12399,Non-Ganded,Excellent,3.79,2.77,0.52,0.84,1.15,3347730,3719700,4017276,4419003
138/1,Durgwada,Morshi,Amravati,Commercial Plot,2000,21.352963,78.000628,4541,Ganded,Good,5.23,3.32,0.39,1.24,1.1,8173800,9082000,9808560,10789416
138/2,Yerla,Morshi,Amravati,Residential Plot,1200,21.32889,78.024857,3659,Ganded,Good,1,0.48,2.17,0.95,2.47,3951720,4390800,4742064,5216270
138/3,Morshi Rural,Morshi,Amravati,Commercial Plot,2650,21.348138,78.011735,3123,Ganded,Excellent,4.11,3.02,1.58,0.64,0.4,7448355,8275950,8938026,9831828
139,Morshi Rural,Morshi,Amravati,Agricultural Plot,350,21.344867,78.013042,28722,Ganded,Excellent,5.75,2.06,1.18,2.83,2.24,9047430,10052700,10856916,11942607
139/1,Morshi Rural,Morshi,Amravati,Agricultural Plot,350,21.34678,78.017121,11547,Non-Ganded,Excellent,1.44,1.5,1.84,0.41,1.53,3637305,4041450,4364766,4801242
139/2,Morshi Rural,Morshi,Amravati,Commercial Plot,2650,21.347078,78.017237,2197,Non-Ganded,Excellent,1.65,2.15,1.97,3.15,1.19,5239845,5822050,6287814,6916595
139/3,Yerla,Morshi,Amravati,Residential Plot,1200,21.325208,78.023054,2997,Ganded,Excellent,3.56,1.87,0.8,2.6,0.58,3236760,3596400,3884112,4272523
140,Yerla,Morshi,Amravati,Commercial Plot,2200,21.32842,78.025785,2292,Ganded,Good,1.74,2.19,1.69,2.04,0.78,4538160,5042400,5445792,5990371
140/1,Yerla,Morshi,Amravati,Agricultural Plot,300,21.330536,78.029871,24742,Ganded,Good,1.43,2.43,1.04,0.36,0.79,6680340,7422600,8016408,8818048
140/2,Morshi Rural,Morshi,Amravati,Agricultural Plot,350,21.351678,78.020015,19724,Ganded,Good,4.47,1.17,1.5,0.41,1.44,6213060,6903400,7455672,8201239
140/3,Morshi Rural,Morshi,Amravati,Agricultural Plot,350,21.348024,78.017953,23058,Non-Ganded,Excellent,0.31,1.54,2.78,2.15,2.38,7263270,8070300,8715924,9587516
141,Yerla,Morshi,Amravati,Residential Plot,1200,21.330051,78.027801,2938,Ganded,Good,4.66,1.49,1.5,0.91,0.79,3173040,3525600,3807648,4188412
141/1,Yerla,Morshi,Amravati,Residential Plot,1200,21.329107,78.02761,3591,Non-Ganded,Good,5.65,2.56,0.87,2.7,2.36,3878280,4309200,4653936,5119329
141/2,Morshi Rural,Morshi,Amravati,Residential Plot,1450,21.349666,78.020751,3271,Non-Ganded,Excellent,1.77,0.25,0.88,0.55,1.63,4268655,4742950,5122386,5634624
141/3,Yerla,Morshi,Amravati,Commercial Plot,2200,21.326736,78.028622,3210,Ganded,Good,4.9,1.23,2.6,1.78,1.04,6355800,7062000,7626960,8389656
142,Yerla,Morshi,Amravati,Commercial Plot,2200,21.325259,78.028275,4377,Non-Ganded,Good,5.01,2.36,0.24,1.42,0.8,8666460,9629400,10399752,11439727
142/1,Durgwada,Morshi,Amravati,Commercial Plot,2000,21.358097,77.998508,2600,Non-Ganded,Excellent,1.73,2.03,1.22,0.57,2.03,4680000,5200000,5616000,6177600
142/2,Morshi Rural,Morshi,Amravati,Commercial Plot,2650,21.346087,78.01566,4708,Non-Ganded,Excellent,3.57,1.6,2.67,0.8,0.78,11228580,12476200,13474296,14821725
142/3,Yerla,Morshi,Amravati,Residential Plot,1200,21.329931,78.026424,4709,Ganded,Good,3.61,1.18,1.48,0.61,1.79,5085720,5650800,6102864,6713150
143,Yerla,Morshi,Amravati,Commercial Plot,2200,21.326666,78.028715,4624,Ganded,Excellent,1.11,0.99,1.82,2.13,2.26,9155520,10172800,10986624,12085286
143/1,Durgwada,Morshi,Amravati,Residential Plot,1050,21.358292,77.996436,3435,Non-Ganded,Good,4.82,3.15,0.67,2.09,1.76,3246075,3606750,3895290,4284819
143/2,Yerla,Morshi,Amravati,Residential Plot,1200,21.329373,78.029928,1661,Ganded,Excellent,0.95,1.3,2.28,0.33,1.13,1793880,1993200,2152656,2367921
143/3,Durgwada,Morshi,Amravati,Agricultural Plot,280,21.35464,78.003433,27229,Non-Ganded,Good,4.29,3.4,0.82,2.91,2.25,6861708,7624120,8234049,9057453
144,Durgwada,Morshi,Amravati,Residential Plot,1050,21.356448,77.993428,2876,Non-Ganded,Excellent,4.53,1.99,2.23,0.56,1.01,2717820,3019800,3261384,3587522
144/1,Durgwada,Morshi,Amravati,Residential Plot,1050,21.354332,77.994193,1842,Ganded,Excellent,4.91,3.42,1.8,1.13,2.03,1740690,1934100,2088828,2297710
144/2,Morshi Rural,Morshi,Amravati,Commercial Plot,2650,21.351233,78.016136,3962,Non-Ganded,Excellent,2.76,0.72,2.55,1.58,0.7,9449370,10499300,11339244,12473168
144/3,Morshi Rural,Morshi,Amravati,Commercial Plot,2650,21.344878,78.020608,1589,Ganded,Good,3.63,0.61,0.98,1.44,1.42,3789765,4210850,4547718,5002489
145,Yerla,Morshi,Amravati,Agricultural Plot,300,21.327967,78.026983,29703,Non-Ganded,Excellent,0.75,2.04,1.93,2.22,0.64,8019810,8910900,9623772,10586149
145/1,Yerla,Morshi,Amravati,Commercial Plot,2200,21.326427,78.023147,3619,Non-Ganded,Good,1.54,3.25,2.13,1.49,1.41,7165620,7961800,8598744,9458618
145/2,Durgwada,Morshi,Amravati,Commercial Plot,2000,21.352175,77.997829,3725,Ganded,Excellent,5.21,1.62,2.11,2.07,1.64,6705000,7450000,8046000,8850600
145/3,Morshi Rural,Morshi,Amravati,Commercial Plot,2650,21.351835,78.011239,4335,Ganded,Excellent,3.81,0.64,1.24,2.98,2.11,10338975,11487750,12406770,13647447
146,Durgwada,Morshi,Amravati,Agricultural Plot,280,21.352444,77.994677,22762,Non-Ganded,Good,2.11,0.58,0.21,1.93,1.64,5736024,6373360,6883228,7571550
146/1,Durgwada,Morshi,Amravati,Agricultural Plot,280,21.354003,78.000778,20583,Ganded,Good,3.81,0.21,2.53,0.33,1.63,5186916,5763240,6224299,6846728
146/2,Durgwada,Morshi,Amravati,Agricultural Plot,280,21.357209,78.000189,21163,Non-Ganded,Good,2.42,1.52,1.34,2.58,1.91,5333076,5925640,6399691,7039660
146/3,Morshi Rural,Morshi,Amravati,Agricultural Plot,350,21.345269,78.010412,25538,Non-Ganded,Good,5.74,1.08,1.33,0.53,1.4,8044470,8938300,9653364,10618700
147,Durgwada,Morshi,Amravati,Commercial Plot,2000,21.359842,78.002778,2562,Non-Ganded,Excellent,5.77,0.32,1.51,1.09,0.37,4611600,5124000,5533920,6087312
147/1,Yerla,Morshi,Amravati,Agricultural Plot,300,21.327241,78.029071,12924,Non-Ganded,Excellent,1.07,1.84,1.17,0.88,1.76,3489480,3877200,4187376,4606113
147/2,Yerla,Morshi,Amravati,Residential Plot,1200,21.325491,78.028928,3440,Non-Ganded,Excellent,4.42,1.16,0.59,1.89,1.54,3715200,4128000,4458240,4904064
147/3,Durgwada,Morshi,Amravati,Commercial Plot,2000,21.358548,77.995479,4077,Non-Ganded,Good,5.77,2.37,0.53,2.43,1.85,7338600,8154000,8806320,9686952
148,Durgwada,Morshi,Amravati,Residential Plot,1050,21.359396,77.996768,1744,Ganded,Good,3.07,1,1.2,0.5,0.68,1648080,1831200,1977696,2175465
148/1,Yerla,Morshi,Amravati,Agricultural Plot,300,21.326426,78.031077,11515,Ganded,Good,5.26,0.52,2.25,1.86,1.38,3109050,3454500,3730860,4103946
148/2,Morshi Rural,Morshi,Amravati,Agricultural Plot,350,21.345331,78.019131,15826,Ganded,Good,4.43,0.18,2.57,0.32,2.47,4985190,5539100,5982228,6580450
148/3,Yerla,Morshi,Amravati,Residential Plot,1200,21.329619,78.022084,3421,Ganded,Excellent,1.32,2.41,0.42,0.79,0.37,3694680,4105200,4433616,4876977
149,Yerla,Morshi,Amravati,Agricultural Plot,300,21.329586,78.028268,19574,Non-Ganded,Excellent,4.36,2.55,0.38,0.91,1.13,5284980,5872200,6341976,6976173
149/1,Durgwada,Morshi,Amravati,Commercial Plot,2000,21.356993,78.003964,4901,Ganded,Good,3.8,0.34,0.58,1.66,0.43,8821800,9802000,10586160,11644776
149/2,Durgwada,Morshi,Amravati,Residential Plot,1050,21.35551,77.992805,4046,Ganded,Good,5.26,2.37,0.36,2.99,1.24,3823470,4248300,4588164,5046980
149/3,Durgwada,Morshi,Amravati,Agricultural Plot,280,21.358333,77.993948,26683,Ganded,Good,1.28,0.81,1.61,3,0.43,6724116,7471240,8068939,8875832
150,Morshi Rural,Morshi,Amravati,Residential Plot,1450,21.344876,78.018724,2423,Ganded,Good,1.59,0.34,0.47,0.35,1.75,3162015,3513350,3794418,4173859
150/1,Durgwada,Morshi,Amravati,Agricultural Plot,280,21.358418,77.99339,25477,Non-Ganded,Excellent,2.47,0.39,0.9,0.79,1.34,6420204,7133560,7704244,8474668
150/2,Durgwada,Morshi,Amravati,Residential Plot,1050,21.353642,77.996587,1836,Non-Ganded,Good,4.38,3.38,0.57,1.65,1.89,1735020,1927800,2082024,2290226
150/3,Morshi Rural,Morshi,Amravati,Agricultural Plot,350,21.351878,78.012719,28234,Ganded,Good,5.64,2.01,1.21,0.47,1.86,8893710,9881900,10672452,11739697
151,Durgwada,Morshi,Amravati,Agricultural Plot,280,21.355055,77.999722,24074,Non-Ganded,Good,5.76,0.19,0.28,2.49,0.74,6066648,6740720,7279977,8007974
151/1,Morshi Rural,Morshi,Amravati,Residential Plot,1450,21.349135,78.014653,3074,Non-Ganded,Excellent,3.61,2.5,0.87,1.1,0.89,4011570,4457300,4813884,5295272
151/2,Yerla,Morshi,Amravati,Agricultural Plot,300,21.330641,78.026639,16737,Non-Ganded,Excellent,4.22,0.12,1.64,1.14,1.58,4518990,5021100,5422788,5965066
151/3,Durgwada,Morshi,Amravati,Commercial Plot,2000,21.358983,77.994825,3189,Non-Ganded,Excellent,1.74,3.06,0.81,2.39,0.32,5740200,6378000,6888240,7577064
152,Durgwada,Morshi,Amravati,Commercial Plot,2000,21.355054,77.997366,2448,Ganded,Excellent,5.39,0.64,1.36,1.29,0.41,4406400,4896000,5287680,5816448
152/1,Yerla,Morshi,Amravati,Commercial Plot,2200,21.327248,78.031257,2090,Ganded,Excellent,5.96,2.29,1.82,2.18,1.97,4138200,4598000,4965840,5462424
152/2,Durgwada,Morshi,Amravati,Residential Plot,1050,21.35504,78.001707,4683,Ganded,Excellent,4.14,0.18,2.08,0.37,0.53,4425435,4917150,5310522,5841574
152/3,Durgwada,Morshi,Amravati,Agricultural Plot,280,21.354576,77.997499,24794,Ganded,Excellent,2.8,1.46,0.37,1.68,2.13,6248088,6942320,7497705,8247475
153,Yerla,Morshi,Amravati,Commercial Plot,2200,21.324683,78.02912,2198,Ganded,Excellent,0.59,0.67,1.43,2.02,2.05,4352040,4835600,5222448,5744692
153/1,Morshi Rural,Morshi,Amravati,Residential Plot,1450,21.347834,78.010403,2986,Ganded,Good,4.44,3,1.8,0.5,0.28,3896730,4329700,4676076,5143683
153/2,Durgwada,Morshi,Amravati,Commercial Plot,2000,21.355477,78.000009,1908,Ganded,Excellent,1.11,3.24,2.74,1.76,1.82,3434400,3816000,4121280,4533408
153/3,Morshi Rural,Morshi,Amravati,Residential Plot,1450,21.345668,78.01612,4579,Non-Ganded,Good,0.31,2.99,1.55,2.5,1.19,5975595,6639550,7170714,7887785
154,Durgwada,Morshi,Amravati,Agricultural Plot,280,21.356256,77.999418,19635,Ganded,Good,0.48,2.18,2.01,2.53,2.13,4948020,5497800,5937624,6531386
154/1,Durgwada,Morshi,Amravati,Residential Plot,1050,21.354214,77.999742,3963,Ganded,Good,2.39,0.61,2.43,1.56,2.14,3745035,4161150,4494042,4943446
154/2,Durgwada,Morshi,Amravati,Residential Plot,1050,21.35579,78.003155,1860,Non-Ganded,Good,4.01,1.56,1.71,2.68,1.64,1757700,1953000,2109240,2320164
154/3,Yerla,Morshi,Amravati,Commercial Plot,2200,21.331021,78.025602,3539,Ganded,Excellent,4.13,2.27,1.01,0.83,1.83,7007220,7785800,8408664,9249530
155,Durgwada,Morshi,Amravati,Residential Plot,1050,21.354156,77.997361,2323,Non-Ganded,Excellent,5.7,0.28,0.39,2.44,0.39,2195235,2439150,2634282,2897710
155/1,Yerla,Morshi,Amravati,Agricultural Plot,300,21.329187,78.024784,29088,Ganded,Excellent,2.27,1.69,2.04,3.01,1.11,7853760,8726400,9424512,10366963
155/2,Yerla,Morshi,Amravati,Agricultural Plot,300,21.330598,78.028945,10176,Ganded,Excellent,4.01,1.72,1.76,3.13,1.17,2747520,3052800,3297024,3626726
155/3,Morshi Rural,Morshi,Amravati,Commercial Plot,2650,21.345302,78.020108,1629,Non-Ganded,Excellent,3.89,2.44,1.4,0.93,2.15,3885165,4316850,4662198,5128417
156,Yerla,Morshi,Amravati,Agricultural Plot,300,21.324674,78.030545,12295,Ganded,Good,2.08,1.27,2.36,0.37,2.35,3319650,3688500,3983580,4381938
156/1,Yerla,Morshi,Amravati,Agricultural Plot,300,21.330365,78.027775,17877,Non-Ganded,Good,2.67,0.81,2.71,2.52,1.15,4826790,5363100,5792148,6371362
156/2,Morshi Rural,Morshi,Amravati,Commercial Plot,2650,21.349509,78.021561,4050,Ganded,Excellent,0.33,1.23,1.8,3.09,1.2,9659250,10732500,11591100,12750210
156/3,Morshi Rural,Morshi,Amravati,Commercial Plot,2650,21.34465,78.02107,3084,Non-Ganded,Excellent,5.74,3.32,1.48,3.03,1.57,7355340,8172600,8826408,9709048
157,Durgwada,Morshi,Amravati,Residential Plot,1050,21.355389,77.99731,2858,Non-Ganded,Excellent,0.36,3.11,0.35,0.39,2.11,2700810,3000900,3240972,3565069
157/1,Yerla,Morshi,Amravati,Residential Plot,1200,21.330261,78.030449,3583,Non-Ganded,Excellent,1.48,0.55,2.4,1.79,1.23,3869640,4299600,4643568,5107924
157/2,Durgwada,Morshi,Amravati,Agricultural Plot,280,21.355781,77.995,22960,Non-Ganded,Excellent,4.4,1.58,0.67,0.87,1.24,5785920,6428800,6943104,7637414
157/3,Durgwada,Morshi,Amravati,Residential Plot,1050,21.354944,78.00264,4951,Non-Ganded,Good,5.48,2.85,1.21,2.44,1.54,4678695,5198550,5614434,6175877
158,Durgwada,Morshi,Amravati,Commercial Plot,2000,21.357085,77.995448,2694,Ganded,Good,2.52,2.49,0.48,0.76,0.89,4849200,5388000,5819040,6400944
158/1,Morshi Rural,Morshi,Amravati,Commercial Plot,2650,21.349143,78.015034,3299,Ganded,Good,4.71,2.26,0.52,2.85,2.42,7868115,8742350,9441738,10385911
158/2,Morshi Rural,Morshi,Amravati,Commercial Plot,2650,21.350226,78.017434,4779,Non-Ganded,Excellent,5.64,1.93,0.92,1.29,1.67,11397915,12664350,13677498,15045247
158/3,Durgwada,Morshi,Amravati,Residential Plot,1050,21.35769,77.996573,1767,Ganded,Excellent,4.9,3.15,1.25,2.04,1.13,1669815,1855350,2003778,2204155
159,Yerla,Morshi,Amravati,Residential Plot,1200,21.330875,78.026262,3097,Ganded,Excellent,0.44,2.19,2.33,1.01,1.49,3344760,3716400,4013712,4415083
159/1,Durgwada,Morshi,Amravati,Residential Plot,1050,21.358055,77.999243,3149,Ganded,Good,3.49,0.7,2.37,0.64,0.96,2975805,3306450,3570966,3928062
159/2,Morshi Rural,Morshi,Amravati,Commercial Plot,2650,21.346802,78.013112,4254,Non-Ganded,Excellent,3.84,2.85,1.36,3.05,1.86,10145790,11273100,12174948,13392442
159/3,Morshi Rural,Morshi,Amravati,Commercial Plot,2650,21.347424,78.010739,1879,Ganded,Good,3.84,1.67,2.15,0.45,0.8,4481415,4979350,5377698,5915467
160,Morshi Rural,Morshi,Amravati,Agricultural Plot,350,21.350842,78.015549,18276,Non-Ganded,Excellent,5.94,3.02,0.21,1.43,1.92,5756940,6396600,6908328,7599160
160/1,Yerla,Morshi,Amravati,Agricultural Plot,300,21.327993,78.030717,14925,Ganded,Excellent,2.14,0.46,2.26,2.59,1.06,4029750,4477500,4835700,5319270
160/2,Durgwada,Morshi,Amravati,Residential Plot,1050,21.358606,78.001624,1279,Ganded,Excellent,1.87,1.5,0.37,0.92,2.19,1208655,1342950,1450386,1595424
160/3,Durgwada,Morshi,Amravati,Agricultural Plot,280,21.354027,77.995153,17751,Non-Ganded,Good,2.55,1.43,1.65,2.96,1.12,4473252,4970280,5367902,5904692
161,Durgwada,Morshi,Amravati,Residential Plot,1050,21.358074,78.00153,3224,Non-Ganded,Good,0.71,2.76,0.6,1.08,0.99,3046680,3385200,3656016,4021617
161/1,Durgwada,Morshi,Amravati,Agricultural Plot,280,21.353066,78.001791,26215,Non-Ganded,Excellent,1.66,3.42,1.53,0.7,2.44,6606180,7340200,7927416,8720157
161/2,Morshi Rural,Morshi,Amravati,Residential Plot,1450,21.347034,78.010854,4128,Ganded,Excellent,3.8,1.12,1.95,0.98,1.17,5387040,5985600,6464448,7110892
161/3,Morshi Rural,Morshi,Amravati,Residential Plot,1450,21.346362,78.011139,1784,Ganded,Good,3.75,2.16,2.28,2.31,1.01,2328120,2586800,2793744,3073118
162,Durgwada,Morshi,Amravati,Commercial Plot,2000,21.355488,77.99913,1421,Ganded,Good,4.86,0.23,0.3,0.67,0.56,2557800,2842000,3069360,3376296
162/1,Morshi Rural,Morshi,Amravati,Commercial Plot,2650,21.349597,78.01749,2089,Non-Ganded,Good,4.58,1.12,2.7,0.55,0.25,4982265,5535850,5978718,6576589
162/2,Yerla,Morshi,Amravati,Agricultural Plot,300,21.329744,78.025471,15790,Ganded,Good,4.07,1.96,1.99,3.13,1.08,4263300,4737000,5115960,5627556
162/3,Morshi Rural,Morshi,Amravati,Commercial Plot,2650,21.346889,78.019005,2143,Ganded,Good,5.8,0.53,2.15,2.37,0.64,5111055,5678950,6133266,6746592
163,Durgwada,Morshi,Amravati,Commercial Plot,2000,21.353908,78.000989,4773,Non-Ganded,Excellent,5.79,1.56,1.43,0.94,0.43,8591400,9546000,10309680,11340648
163/1,Morshi Rural,Morshi,Amravati,Commercial Plot,2650,21.349698,78.014625,2805,Non-Ganded,Excellent,4.54,0.96,1.93,2.74,2.41,6689925,7433250,8027910,8830701
163/2,Yerla,Morshi,Amravati,Residential Plot,1200,21.329124,78.029956,3894,Ganded,Good,1.48,1.36,0.92,1.98,1.55,4205520,4672800,5046624,5551286
163/3,Yerla,Morshi,Amravati,Agricultural Plot,300,21.326748,78.02572,28126,Ganded,Excellent,3.19,3.31,2.39,2.66,0.34,7594020,8437800,9112824,10024106
164,Morshi Rural,Morshi,Amravati,Commercial Plot,2650,21.348839,78.021492,4903,Ganded,Good,5.07,1.54,0.66,1.6,0.59,11693655,12992950,14032386,15435624
164/1,Durgwada,Morshi,Amravati,Commercial Plot,2000,21.355796,77.999844,2196,Ganded,Excellent,0.21,0.68,0.88,3,2.02,3952800,4392000,4743360,5217696
164/2,Morshi Rural,Morshi,Amravati,Residential Plot,1450,21.34429,78.016022,2484,Non-Ganded,Good,0.88,0.33,0.62,1.5,1.84,3241620,3601800,3889944,4278938
164/3,Yerla,Morshi,Amravati,Agricultural Plot,300,21.330533,78.029925,24279,Ganded,Good,0.5,2.55,1.73,1.75,1.77,6555330,7283700,7866396,8653035
165,Morshi Rural,Morshi,Amravati,Agricultural Plot,350,21.344535,78.015951,26505,Non-Ganded,Excellent,5.17,2.35,1.48,2.12,2.08,8349075,9276750,10018890,11020779
165/1,Yerla,Morshi,Amravati,Residential Plot,1200,21.324416,78.030731,1843,Ganded,Excellent,4.07,0.18,0.77,1.9,1.47,1990440,2211600,2388528,2627380
165/2,Durgwada,Morshi,Amravati,Residential Plot,1050,21.355336,77.992927,1232,Ganded,Good,2.94,1.79,1.65,1.73,1.46,1164240,1293600,1397088,1536796
165/3,Yerla,Morshi,Amravati,Residential Plot,1200,21.324181,78.025557,4445,Non-Ganded,Excellent,1.77,1.1,1.86,0.97,1.07,4800600,5334000,5760720,6336792
166,Yerla,Morshi,Amravati,Agricultural Plot,300,21.330625,78.027926,21458,Non-Ganded,Excellent,3.26,1.66,1.62,1.05,0.65,5793660,6437400,6952392,7647631
166/1,Morshi Rural,Morshi,Amravati,Agricultural Plot,350,21.34651,78.021537,29726,Non-Ganded,Good,5.54,0.36,0.92,1.01,1.84,9363690,10404100,11236428,12360070
166/2,Durgwada,Morshi,Amravati,Residential Plot,1050,21.358383,77.994317,2769,Non-Ganded,Good,2.6,2.56,1.63,0.55,2.4,2616705,2907450,3140046,3454050
166/3,Durgwada,Morshi,Amravati,Commercial Plot,2000,21.352024,78.000716,1897,Non-Ganded,Excellent,1.84,1.08,0.7,1.98,0.76,3414600,3794000,4097520,4507272
167,Yerla,Morshi,Amravati,Commercial Plot,2200,21.33138,78.031007,1308,Ganded,Excellent,2.77,3.18,2.31,1.38,1.75,2589840,2877600,3107808,3418588
167/1,Durgwada,Morshi,Amravati,Agricultural Plot,280,21.352533,77.996782,12809,Non-Ganded,Excellent,4.41,3.42,1.68,2.61,2.11,3227868,3586520,3873441,4260785
167/2,Morshi Rural,Morshi,Amravati,Agricultural Plot,350,21.344186,78.014472,17144,Non-Ganded,Excellent,5.44,2.88,1.87,1.36,2.11,5400360,6000400,6480432,7128475
167/3,Yerla,Morshi,Amravati,Commercial Plot,2200,21.326714,78.029081,1323,Ganded,Good,0.39,3.45,1.53,2.29,2.16,2619540,2910600,3143448,3457792
168,Yerla,Morshi,Amravati,Residential Plot,1200,21.329123,78.023958,3768,Ganded,Good,1.82,3.4,1.95,2.21,1.33,4069440,4521600,4883328,5371660
168/1,Morshi Rural,Morshi,Amravati,Commercial Plot,2650,21.350037,78.012702,3895,Non-Ganded,Excellent,1.1,3.33,1.38,2.46,0.26,9289575,10321750,11147490,12262239
168/2,Morshi Rural,Morshi,Amravati,Residential Plot,1450,21.34463,78.016864,4872,Non-Ganded,Excellent,1.2,1.35,2.56,2.35,1.3,6357960,7064400,7629552,8392507
168/3,Morshi Rural,Morshi,Amravati,Agricultural Plot,350,21.350113,78.016817,24740,Non-Ganded,Excellent,3.81,3.12,1.31,1.62,1.76,7793100,8659000,9351720,10286892
169,Morshi Rural,Morshi,Amravati,Agricultural Plot,350,21.345175,78.020112,20883,Ganded,Excellent,0.55,0.24,2.42,0.73,2.35,6578145,7309050,7893774,8683151
169/1,Yerla,Morshi,Amravati,Residential Plot,1200,21.326359,78.023043,2782,Ganded,Good,0.32,2.4,1.02,0.79,0.84,3004560,3338400,3605472,3966019
169/2,Yerla,Morshi,Amravati,Residential Plot,1200,21.329362,78.024709,1769,Non-Ganded,Excellent,3.93,1.86,2.03,1.83,1.26,1910520,2122800,2292624,2521886
169/3,Morshi Rural,Morshi,Amravati,Agricultural Plot,350,21.351156,78.021754,22659,Non-Ganded,Excellent,5.78,3.32,1.37,1.4,0.99,7137585,7930650,8565102,9421612
170,Durgwada,Morshi,Amravati,Commercial Plot,2000,21.359995,78.003952,2339,Ganded,Excellent,0.45,1.92,0.78,0.72,0.32,4210200,4678000,5052240,5557464
170/1,Morshi Rural,Morshi,Amravati,Commercial Plot,2650,21.34908,78.013356,3280,Ganded,Good,5.42,2.49,1.47,2.37,1.19,7822800,8692000,9387360,10326096
170/2,Yerla,Morshi,Amravati,Agricultural Plot,300,21.330156,78.022913,18494,Ganded,Good,3.08,3.31,0.29,1.29,2,4993380,5548200,5992056,6591261
170/3,Durgwada,Morshi,Amravati,Agricultural Plot,280,21.358997,78.003723,10656,Non-Ganded,Excellent,4.95,2.32,0.93,0.48,0.84,2685312,2983680,3222374,3544611
171,Durgwada,Morshi,Amravati,Agricultural Plot,280,21.352651,77.993679,16405,Ganded,Excellent,4.85,1.2,0.68,2.38,1.75,4134060,4593400,4960872,5456959
171/1,Yerla,Morshi,Amravati,Commercial Plot,2200,21.327651,78.026139,1781,Non-Ganded,Excellent,5.3,2.29,2.09,2.28,1.94,3526380,3918200,4231656,4654821
171/2,Yerla,Morshi,Amravati,Commercial Plot,2200,21.324591,78.022496,4678,Non-Ganded,Good,4.05,1.84,0.71,0.49,1.76,9262440,10291600,11114928,12226420
171/3,Durgwada,Morshi,Amravati,Commercial Plot,2000,21.354799,78.002145,3792,Non-Ganded,Excellent,2.33,1.95,2.22,2.03,1.6,6825600,7584000,8190720,9009792
172,Durgwada,Morshi,Amravati,Residential Plot,1050,21.354876,78.000274,3239,Non-Ganded,Excellent,2.45,1.22,0.61,1.86,2.32,3060855,3400950,3673026,4040328
172/1,Durgwada,Morshi,Amravati,Commercial Plot,2000,21.355614,77.996411,2914,Ganded,Excellent,4.13,2.59,1.2,0.7,1.87,5245200,5828000,6294240,6923664
172/2,Durgwada,Morshi,Amravati,Commercial Plot,2000,21.354427,78.000829,3347,Ganded,Good,3.15,0.15,2.53,1.24,1.33,6024600,6694000,7229520,7952472
172/3,Morshi Rural,Morshi,Amravati,Agricultural Plot,350,21.34851,78.021379,19880,Non-Ganded,Excellent,2.1,3.19,1.99,2.3,1.28,6262200,6958000,7514640,8266104
173,Yerla,Morshi,Amravati,Commercial Plot,2200,21.328584,78.030437,3337,Non-Ganded,Excellent,5.99,0.31,2.06,0.7,0.87,6607260,7341400,7928712,8721583
173/1,Yerla,Morshi,Amravati,Agricultural Plot,300,21.331401,78.025303,28143,Ganded,Good,4.79,2.82,2.37,2.39,1.27,7598610,8442900,9118332,10030165
173/2,Morshi Rural,Morshi,Amravati,Commercial Plot,2650,21.348947,78.017273,3005,Non-Ganded,Good,2.5,3.39,1.86,2.54,1.7,7166925,7963250,8600310,9460341
173/3,Durgwada,Morshi,Amravati,Commercial Plot,2000,21.357866,77.9993,3212,Non-Ganded,Good,5.03,3.18,2.54,1.55,2.43,5781600,6424000,6937920,7631712
174,Yerla,Morshi,Amravati,Commercial Plot,2200,21.327902,78.028581,3654,Ganded,Good,1.94,2.68,1.8,0.66,2.29,7234920,8038800,8681904,9550094
174/1,Morshi Rural,Morshi,Amravati,Commercial Plot,2650,21.346873,78.011139,1344,Ganded,Excellent,4.08,0.34,0.89,2.76,2.06,3205440,3561600,3846528,4231180
174/2,Morshi Rural,Morshi,Amravati,Commercial Plot,2650,21.346222,78.01096,3388,Ganded,Good,5.61,2.31,2.65,0.42,0.86,8080380,8978200,9696456,10666101
174/3,Durgwada,Morshi,Amravati,Commercial Plot,2000,21.355983,77.993553,4762,Ganded,Excellent,5.06,0.36,1.04,1.31,2.09,8571600,9524000,10285920,11314512
175,Yerla,Morshi,Amravati,Agricultural Plot,300,21.325751,78.022007,23085,Non-Ganded,Good,2.38,3.11,2.68,1.59,2.02,6232950,6925500,7479540,8227494
175/1,Durgwada,Morshi,Amravati,Agricultural Plot,280,21.355853,77.99576,22671,Ganded,Good,4.57,0.31,2.4,2.29,2.48,5713092,6347880,6855710,7541281
175/2,Morshi Rural,Morshi,Amravati,Commercial Plot,2650,21.349401,78.02149,3621,Ganded,Good,1.22,1.69,1.92,2.45,2.45,8636085,9595650,10363302,11399632
175/3,Yerla,Morshi,Amravati,Commercial Plot,2200,21.327533,78.030919,4656,Ganded,Excellent,3.24,0.64,0.93,2.12,0.73,9218880,10243200,11062656,12168921
176,Yerla,Morshi,Amravati,Commercial Plot,2200,21.330637,78.023218,3968,Ganded,Excellent,6,0.41,0.39,2.44,0.26,7856640,8729600,9427968,10370764
176/1,Yerla,Morshi,Amravati,Residential Plot,1200,21.32437,78.030457,2532,Non-Ganded,Excellent,4.41,2.77,1.86,2.45,1.5,2734560,3038400,3281472,3609619
176/2,Yerla,Morshi,Amravati,Agricultural Plot,300,21.329351,78.029083,13773,Non-Ganded,Good,3.7,3,1.08,1.09,1.49,3718710,4131900,4462452,4908697
176/3,Durgwada,Morshi,Amravati,Residential Plot,1050,21.352619,77.996935,3319,Non-Ganded,Excellent,4.25,2.34,1.98,2.99,0.37,3136455,3484950,3763746,4140120
177,Yerla,Morshi,Amravati,Commercial Plot,2200,21.32502,78.022591,4373,Ganded,Good,5.21,3.23,2.09,2.35,1.04,8658540,9620600,10390248,11429272
177/1,Durgwada,Morshi,Amravati,Agricultural Plot,280,21.352111,77.999708,21686,Ganded,Good,1.37,0.66,1.28,3.12,1.69,5464872,6072080,6557846,7213630
177/2,Morshi Rural,Morshi,Amravati,Residential Plot,1450,21.348542,78.010159,1522,Ganded,Good,3.02,0.33,2.29,0.53,1,1986210,2206900,2383452,2621797
177/3,Durgwada,Morshi,Amravati,Agricultural Plot,280,21.352139,77.998997,23452,Non-Ganded,Good,4.69,0.97,1.02,0.82,0.65,5909904,6566560,7091884,7801072
178,Durgwada,Morshi,Amravati,Agricultural Plot,280,21.359686,78.000329,21090,Ganded,Good,3.67,3.25,2.69,0.88,1.57,5314680,5905200,6377616,7015377
178/1,Durgwada,Morshi,Amravati,Commercial Plot,2000,21.353933,77.995277,2039,Ganded,Excellent,3.36,3.08,2.51,2.47,1.16,3670200,4078000,4404240,4844664
178/2,Morshi Rural,Morshi,Amravati,Commercial Plot,2650,21.350403,78.012281,3580,Non-Ganded,Good,2.51,2.25,0.6,2.13,0.75,8538300,9487000,10245960,11270556
178/3,Yerla,Morshi,Amravati,Residential Plot,1200,21.329751,78.029325,3995,Non-Ganded,Good,2.35,2.25,2.05,0.32,0.56,4314600,4794000,5177520,5695272
179,Yerla,Morshi,Amravati,Commercial Plot,2200,21.325271,78.03189,2610,Ganded,Good,4.39,3.43,0.89,1.28,0.63,5167800,5742000,6201360,6821496
179/1,Yerla,Morshi,Amravati,Agricultural Plot,300,21.33094,78.027338,14654,Ganded,Good,1.31,3.39,1.4,2.81,0.83,3956580,4396200,4747896,5222685
179/2,Yerla,Morshi,Amravati,Commercial Plot,2200,21.32975,78.02557,4492,Ganded,Excellent,1.01,1.87,2.57,3.08,2.14,8894160,9882400,10672992,11740291
179/3,Durgwada,Morshi,Amravati,Agricultural Plot,280,21.356007,77.992051,22443,Non-Ganded,Excellent,5.72,2.44,1.93,1.71,2.09,5655636,6284040,6786763,7465439
180,Morshi Rural,Morshi,Amravati,Residential Plot,1450,21.346446,78.012317,2828,Non-Ganded,Excellent,0.89,0.32,0.58,1.79,0.85,3690540,4100600,4428648,4871512
180/1,Yerla,Morshi,Amravati,Agricultural Plot,300,21.330516,78.028732,18803,Non-Ganded,Excellent,3.14,2.49,1.44,0.74,0.94,5076810,5640900,6092172,6701389
180/2,Durgwada,Morshi,Amravati,Commercial Plot,2000,21.352375,78.000854,1625,Non-Ganded,Good,0.48,1.57,1.73,0.67,0.74,2925000,3250000,3510000,3861000
180/3,Yerla,Morshi,Amravati,Commercial Plot,2200,21.328892,78.030965,2642,Non-Ganded,Good,4.98,3.45,0.33,1.2,1.85,5231160,5812400,6277392,6905131
181,Yerla,Morshi,Amravati,Residential Plot,1200,21.32976,78.022415,1650,Ganded,Excellent,2,2,2.38,2.7,0.79,1782000,1980000,2138400,2352240
181/1,Yerla,Morshi,Amravati,Commercial Plot,2200,21.324477,78.028243,4203,Ganded,Good,4.32,1.45,2.19,1.14,0.73,8321940,9246600,9986328,10984960
181/2,Yerla,Morshi,Amravati,Residential Plot,1200,21.330644,78.023993,4268,Ganded,Good,4.9,0.81,0.52,0.57,0.28,4609440,5121600,5531328,6084460
181/3,Yerla,Morshi,Amravati,Agricultural Plot,300,21.330349,78.023345,22403,Ganded,Excellent,4.16,0.42,1.92,1.61,0.59,6048810,6720900,7258572,7984429
182,Yerla,Morshi,Amravati,Commercial Plot,2200,21.330388,78.028717,3595,Non-Ganded,Good,1.73,0.21,1.93,2.07,1.06,7118100,7909000,8541720,9395892
182/1,Yerla,Morshi,Amravati,Residential Plot,1200,21.327395,78.028277,4678,Ganded,Excellent,2.1,0.34,2.21,2.3,0.58,5052240,5613600,6062688,6668956
182/2,Morshi Rural,Morshi,Amravati,Agricultural Plot,350,21.345342,78.012131,28136,Ganded,Good,2.92,1.07,2.19,2.46,2.12,8862840,9847600,10635408,11698948
182/3,Durgwada,Morshi,Amravati,Commercial Plot,2000,21.357177,78.001614,3343,Non-Ganded,Good,4,2.9,2.31,2.06,2.32,6017400,6686000,7220880,7942968
183,Durgwada,Morshi,Amravati,Residential Plot,1050,21.355619,77.996347,1377,Non-Ganded,Good,5.24,1.5,2.7,0.72,1.59,1301265,1445850,1561518,1717669
183/1,Morshi Rural,Morshi,Amravati,Commercial Plot,2650,21.346757,78.014178,3054,Non-Ganded,Good,4.97,1.78,0.23,2.84,2.09,7283790,8093100,8740548,9614602
183/2,Durgwada,Morshi,Amravati,Residential Plot,1050,21.354637,78.002067,1512,Ganded,Good,3.67,2.07,2.28,1.4,1.46,1428840,1587600,1714608,1886068
183/3,Morshi Rural,Morshi,Amravati,Agricultural Plot,350,21.350314,78.016414,25595,Ganded,Good,5.88,2,1.63,0.66,1.08,8062425,8958250,9674910,10642401
184,Morshi Rural,Morshi,Amravati,Commercial Plot,2650,21.346375,78.0151,2238,Non-Ganded,Good,4.69,0.94,2.38,2.7,1.42,5337630,5930700,6405156,7045671
184/1,Durgwada,Morshi,Amravati,Commercial Plot,2000,21.358573,77.992365,1864,Ganded,Good,5.36,2.56,0.84,0.68,1.39,3355200,3728000,4026240,4428864
184/2,Morshi Rural,Morshi,Amravati,Commercial Plot,2650,21.345252,78.016361,3254,Ganded,Good,1.44,1.44,1.6,1.18,0.94,7760790,8623100,9312948,10244242
184/3,Yerla,Morshi,Amravati,Agricultural Plot,300,21.324488,78.029885,18290,Ganded,Excellent,1.48,1.49,1.52,2.01,1.89,4938300,5487000,5925960,6518556
185,Yerla,Morshi,Amravati,Agricultural Plot,300,21.325204,78.02989,26760,Non-Ganded,Excellent,5.79,1.08,0.28,3.17,0.27,7225200,8028000,8670240,9537264
185/1,Yerla,Morshi,Amravati,Agricultural Plot,300,21.33141,78.028058,21025,Ganded,Good,1.7,1.73,2,1.78,2.44,5676750,6307500,6812100,7493310
185/2,Durgwada,Morshi,Amravati,Residential Plot,1050,21.357656,78.000829,3522,Non-Ganded,Good,1.07,2.74,0.56,2.54,2.05,3328290,3698100,3993948,4393342
185/3,Durgwada,Morshi,Amravati,Agricultural Plot,280,21.352268,77.994754,25183,Non-Ganded,Excellent,4.32,2.83,0.26,2.27,1.26,6346116,7051240,7615339,8376872
186,Durgwada,Morshi,Amravati,Agricultural Plot,280,21.354737,77.993803,23528,Ganded,Excellent,4.04,1.52,1.41,2.53,1.43,5929056,6587840,7114867,7826353
186/1,Morshi Rural,Morshi,Amravati,Residential Plot,1450,21.347852,78.01325,4485,Non-Ganded,Excellent,3.92,3.04,2.59,1.8,1.21,5852925,6503250,7023510,7725861
186/2,Morshi Rural,Morshi,Amravati,Agricultural Plot,350,21.345776,78.015781,12608,Non-Ganded,Excellent,5.66,0.42,2.27,0.35,1.25,3971520,4412800,4765824,5242406
186/3,Durgwada,Morshi,Amravati,Agricultural Plot,280,21.358917,78.002925,28926,Non-Ganded,Good,2.47,2.07,2.09,1.41,1.89,7289352,8099280,8747222,9621944
187,Morshi Rural,Morshi,Amravati,Commercial Plot,2650,21.346127,78.014714,3156,Ganded,Excellent,1.36,3.49,2.19,1.25,0.41,7527060,8363400,9032472,9935719
187/1,Yerla,Morshi,Amravati,Agricultural Plot,300,21.330142,78.029087,23297,Non-Ganded,Good,3.54,1.43,0.34,1,2.11,6290190,6989100,7548228,8303050
187/2,Morshi Rural,Morshi,Amravati,Commercial Plot,2650,21.346412,78.012385,3664,Non-Ganded,Good,1.05,1.55,2.26,2.01,0.22,8738640,9709600,10486368,11535004
187/3,Morshi Rural,Morshi,Amravati,Commercial Plot,2650,21.34703,78.012534,4878,Non-Ganded,Excellent,3.75,0.95,0.94,1.09,1.19,11634030,12926700,13960836,15356919
188,Morshi Rural,Morshi,Amravati,Commercial Plot,2650,21.35118,78.020048,2705,Non-Ganded,Excellent,3.86,3.2,1.59,1.32,2.34,6451425,7168250,7741710,8515881
188/1,Yerla,Morshi,Amravati,Commercial Plot,2200,21.325933,78.024876,1727,Ganded,Excellent,5.21,1.39,1.22,1.13,0.43,3419460,3799400,4103352,4513687
188/2,Durgwada,Morshi,Amravati,Agricultural Plot,280,21.359463,78.000601,28252,Non-Ganded,Good,4.44,0.34,1.37,2.05,0.25,7119504,7910560,8543404,9397744
188/3,Morshi Rural,Morshi,Amravati,Commercial Plot,2650,21.349643,78.014164,3666,Non-Ganded,Excellent,0.73,0.6,1.17,2.61,2.33,8743410,9714900,10492092,11541301
189,Durgwada,Morshi,Amravati,Commercial Plot,2000,21.352172,78.003187,2311,Ganded,Good,2.58,2.16,0.48,1.53,1.96,4159800,4622000,4991760,5490936
189/1,Morshi Rural,Morshi,Amravati,Agricultural Plot,350,21.344817,78.012597,27542,Ganded,Good,4.11,3.01,0.28,0.71,1.65,8675730,9639700,10410876,11451963
189/2,Morshi Rural,Morshi,Amravati,Agricultural Plot,350,21.346105,78.019687,13930,Ganded,Excellent,4.81,0.75,2.52,1.51,1.19,4387950,4875500,5265540,5792094
189/3,Yerla,Morshi,Amravati,Residential Plot,1200,21.327825,78.02947,4855,Non-Ganded,Excellent,3.18,2.43,0.47,2.45,0.37,5243400,5826000,6292080,6921288
190,Yerla,Morshi,Amravati,Commercial Plot,2200,21.331496,78.025448,3462,Non-Ganded,Good,3.92,3.18,2.38,2.89,0.86,6854760,7616400,8225712,9048283
190/1,Morshi Rural,Morshi,Amravati,Commercial Plot,2650,21.349911,78.016988,3471,Non-Ganded,Good,1.61,1.61,1.4,1.25,2.11,8278335,9198150,9934002,10927402
190/2,Yerla,Morshi,Amravati,Commercial Plot,2200,21.328685,78.023593,4743,Non-Ganded,Good,3.01,0.44,1.26,0.52,0.81,9391140,10434600,11269368,12396304
190/3,Yerla,Morshi,Amravati,Residential Plot,1200,21.328956,78.029622,4963,Non-Ganded,Excellent,5.17,2.03,1.7,3.19,1.2,5360040,5955600,6432048,7075252
191,Durgwada,Morshi,Amravati,Residential Plot,1050,21.357204,77.996358,2921,Non-Ganded,Good,3.6,2.47,2.24,1.5,1.27,2760345,3067050,3312414,3643655
191/1,Durgwada,Morshi,Amravati,Commercial Plot,2000,21.358825,77.998379,2329,Ganded,Good,1.13,2.59,0.47,2.38,0.31,4192200,4658000,5030640,5533704
191/2,Durgwada,Morshi,Amravati,Agricultural Plot,280,21.35804,77.997105,24625,Non-Ganded,Good,2.34,2.23,2.35,1.53,1.03,6205500,6895000,7446600,8191260
191/3,Durgwada,Morshi,Amravati,Commercial Plot,2000,21.35995,78.002535,1965,Non-Ganded,Good,3.38,0.71,2.16,2.14,0.34,3537000,3930000,4244400,4668840
192,Morshi Rural,Morshi,Amravati,Commercial Plot,2650,21.348558,78.015189,3503,Non-Ganded,Good,3.37,1.55,1.71,2.33,2.29,8354655,9282950,10025586,11028144
192/1,Morshi Rural,Morshi,Amravati,Commercial Plot,2650,21.350398,78.016003,1877,Ganded,Excellent,0.29,0.84,1.92,1.17,1.7,4476645,4974050,5371974,5909171
192/2,Yerla,Morshi,Amravati,Agricultural Plot,300,21.329944,78.024086,11194,Ganded,Excellent,4.28,1.51,1.96,3.01,0.66,3022380,3358200,3626856,3989541
192/3,Yerla,Morshi,Amravati,Residential Plot,1200,21.331374,78.023942,1520,Ganded,Good,3.69,0.83,1.53,2.84,0.34,1641600,1824000,1969920,2166912
193,Durgwada,Morshi,Amravati,Agricultural Plot,280,21.356378,78.003224,23322,Ganded,Excellent,4.67,0.87,0.56,2.23,0.57,5877144,6530160,7052572,7757829
193/1,Yerla,Morshi,Amravati,Residential Plot,1200,21.325734,78.025384,4211,Ganded,Excellent,3.36,0.93,2.68,2.54,1.45,4547880,5053200,5457456,6003201
193/2,Durgwada,Morshi,Amravati,Commercial Plot,2000,21.354766,77.994495,4329,Non-Ganded,Excellent,3.6,0.9,0.79,1.5,1.36,7792200,8658000,9350640,10285704
193/3,Morshi Rural,Morshi,Amravati,Commercial Plot,2650,21.351303,78.010858,1431,Ganded,Good,3.99,3.17,1.26,1.53,0.27,3412935,3792150,4095522,4505074
194,Durgwada,Morshi,Amravati,Commercial Plot,2000,21.359866,77.994882,3684,Ganded,Good,5.31,3.46,0.2,2.67,1.05,6631200,7368000,7957440,8753184
194/1,Morshi Rural,Morshi,Amravati,Agricultural Plot,350,21.346071,78.021647,24597,Ganded,Excellent,1.7,1.58,0.84,2.82,0.85,7748055,8608950,9297666,10227432
194/2,Durgwada,Morshi,Amravati,Agricultural Plot,280,21.357945,77.992438,18125,Non-Ganded,Excellent,1.47,3.5,1.37,1.57,2.1,4567500,5075000,5481000,6029100
194/3,Yerla,Morshi,Amravati,Agricultural Plot,300,21.324314,78.027966,20489,Ganded,Good,4.94,0.16,1.12,2.07,1.19,5532030,6146700,6638436,7302279
195,Durgwada,Morshi,Amravati,Residential Plot,1050,21.352608,77.994753,2638,Ganded,Excellent,3.47,2.71,2.72,1.96,0.55,2492910,2769900,2991492,3290641
195/1,Yerla,Morshi,Amravati,Residential Plot,1200,21.324249,78.025112,2987,Non-Ganded,Excellent,3.37,3.37,2.52,2.93,0.75,3225960,3584400,3871152,4258267
195/2,Yerla,Morshi,Amravati,Agricultural Plot,300,21.325756,78.026397,27322,Ganded,Excellent,4.71,1.72,2.68,2.89,0.48,7376940,8196600,8852328,9737560
195/3,Durgwada,Morshi,Amravati,Agricultural Plot,280,21.35581,78.003055,15054,Ganded,Excellent,0.97,3.27,0.56,0.64,1.3,3793608,4215120,4552329,5007561
196,Yerla,Morshi,Amravati,Residential Plot,1200,21.32676,78.022676,2648,Ganded,Excellent,2.57,0.4,1.02,2.91,1.68,2859840,3177600,3431808,3774988
196/1,Durgwada,Morshi,Amravati,Commercial Plot,2000,21.358803,78.002447,4092,Non-Ganded,Excellent,1.11,2.74,2.77,2.92,1.56,7365600,8184000,8838720,9722592
196/2,Durgwada,Morshi,Amravati,Agricultural Plot,280,21.352809,77.993316,23708,Non-Ganded,Excellent,0.76,1.59,0.35,2.8,1.97,5974416,6638240,7169299,7886228
196/3,Durgwada,Morshi,Amravati,Residential Plot,1050,21.35793,77.992063,1937,Ganded,Good,1.38,1.14,2.68,2.02,1.59,1830465,2033850,2196558,2416213
197,Durgwada,Morshi,Amravati,Residential Plot,1050,21.356677,77.999543,1671,Non-Ganded,Excellent,3.34,2.38,2.7,1.15,1.21,1579095,1754550,1894914,2084405
197/1,Durgwada,Morshi,Amravati,Commercial Plot,2000,21.352163,77.99452,1369,Non-Ganded,Good,2.63,3.31,1.16,0.96,1.9,2464200,2738000,2957040,3252744
197/2,Morshi Rural,Morshi,Amravati,Agricultural Plot,350,21.348537,78.013327,19456,Ganded,Excellent,5.05,1.57,2.54,3.11,2.43,6128640,6809600,7354368,8089804
197/3,Morshi Rural,Morshi,Amravati,Agricultural Plot,350,21.346495,78.01834,14851,Non-Ganded,Good,3.92,1.71,0.24,0.55,0.47,4678065,5197850,5613678,6175045
198,Durgwada,Morshi,Amravati,Residential Plot,1050,21.355723,78.000308,2692,Non-Ganded,Good,3.53,0.3,0.35,2.59,2.38,2543940,2826600,3052728,3358000
198/1,Durgwada,Morshi,Amravati,Residential Plot,1050,21.357687,77.999242,3814,Ganded,Excellent,1.59,2.55,1.54,2.29,1.26,3604230,4004700,4325076,4757583
198/2,Durgwada,Morshi,Amravati,Agricultural Plot,280,21.359749,77.99287,24530,Non-Ganded,Excellent,2.68,1.47,1.6,1.59,1.64,6181560,6868400,7417872,8159659
198/3,Durgwada,Morshi,Amravati,Residential Plot,1050,21.355647,77.992265,1817,Ganded,Excellent,3.15,0.96,1.08,2.77,1.18,1717065,1907850,2060478,2266525
199,Yerla,Morshi,Amravati,Commercial Plot,2200,21.331445,78.024849,3838,Ganded,Excellent,2.89,2.97,0.92,0.76,1.39,7599240,8443600,9119088,10030996
199/1,Yerla,Morshi,Amravati,Residential Plot,1200,21.328601,78.029351,3475,Ganded,Excellent,0.67,1.52,1.15,1.08,0.43,3753000,4170000,4503600,4953960
199/2,Durgwada,Morshi,Amravati,Agricultural Plot,280,21.356226,77.994678,26093,Non-Ganded,Good,4.45,2.52,1.23,3.09,1.61,6575436,7306040,7890523,8679575
199/3,Durgwada,Morshi,Amravati,Residential Plot,1050,21.353776,77.9974,4096,Ganded,Excellent,3.77,2.41,1.71,2.93,0.63,3870720,4300800,4644864,5109350
200,Durgwada,Morshi,Amravati,Residential Plot,1050,21.353124,77.99202,3763,Ganded,Excellent,3.73,0.73,1.68,3.12,0.32,3556035,3951150,4267242,4693966
200/1,Durgwada,Morshi,Amravati,Agricultural Plot,280,21.353334,77.998792,10997,Non-Ganded,Excellent,3.69,3.41,0.23,1.69,1.95,2771244,3079160,3325492,3658041
200/2,Yerla,Morshi,Amravati,Agricultural Plot,300,21.324396,78.025691,29085,Ganded,Good,2.55,2.07,1.29,2.39,1,7852950,8725500,9423540,10365894
200/3,Yerla,Morshi,Amravati,Commercial Plot,2200,21.327216,78.023981,2439,Ganded,Good,3.66,0.99,0.64,1.53,2.49,4829220,5365800,5795064,6374570
201,Morshi Rural,Morshi,Amravati,Residential Plot,1450,21.348832,78.013334,2265,Non-Ganded,Good,5.27,0.31,0.62,0.69,2.31,2955825,3284250,3546990,3901689
201/1,Durgwada,Morshi,Amravati,Commercial Plot,2000,21.357075,77.994884,1442,Ganded,Good,2.7,2.65,2.78,2.15,1.15,2595600,2884000,3114720,3426192
201/2,Durgwada,Morshi,Amravati,Residential Plot,1050,21.357932,78.003393,1653,Non-Ganded,Excellent,2.78,0.42,0.52,1.45,0.65,1562085,1735650,1874502,2061952
201/3,Yerla,Morshi,Amravati,Residential Plot,1200,21.33073,78.02391,1519,Non-Ganded,Excellent,2.54,3.28,0.77,0.58,1.64,1640520,1822800,1968624,2165486
202,Morshi Rural,Morshi,Amravati,Commercial Plot,2650,21.347196,78.015029,3131,Ganded,Excellent,4.94,2.97,1.26,2.43,1.76,7467435,8297150,8960922,9857014
202/1,Morshi Rural,Morshi,Amravati,Commercial Plot,2650,21.345267,78.013194,2488,Ganded,Excellent,4.18,2.76,1.13,1.69,2.4,5933880,6593200,7120656,7832721
202/2,Yerla,Morshi,Amravati,Agricultural Plot,300,21.329687,78.031228,23071,Non-Ganded,Good,5.02,1.47,1.11,3.01,0.33,6229170,6921300,7475004,8222504
202/3,Durgwada,Morshi,Amravati,Agricultural Plot,280,21.355179,78.003311,14361,Non-Ganded,Excellent,2.78,1.84,2.01,2.39,0.24,3618972,4021080,4342766,4777042
203,Durgwada,Morshi,Amravati,Commercial Plot,2000,21.356129,77.994161,4783,Ganded,Good,2.96,0.69,1.71,0.94,0.24,8609400,9566000,10331280,11364408
203/1,Yerla,Morshi,Amravati,Residential Plot,1200,21.325052,78.024784,4402,Ganded,Good,0.5,2.94,2.48,2.22,0.36,4754160,5282400,5704992,6275491
203/2,Morshi Rural,Morshi,Amravati,Agricultural Plot,350,21.345281,78.016132,14675,Ganded,Good,0.44,2.67,2.29,3.04,0.3,4622625,5136250,5547150,6101865
203/3,Durgwada,Morshi,Amravati,Commercial Plot,2000,21.352991,77.999811,2290,Ganded,Excellent,3.29,0.77,1.69,0.4,2.18,4122000,4580000,4946400,5441040
204,Yerla,Morshi,Amravati,Commercial Plot,2200,21.324724,78.027151,2380,Ganded,Good,0.58,2.21,2.36,1.38,0.95,4712400,5236000,5654880,6220368
204/1,Yerla,Morshi,Amravati,Agricultural Plot,300,21.330808,78.030013,19499,Non-Ganded,Excellent,0.44,3.37,2.14,0.35,0.25,5264730,5849700,6317676,6949443
204/2,Morshi Rural,Morshi,Amravati,Commercial Plot,2650,21.344462,78.017664,4792,Non-Ganded,Excellent,5.43,2.78,0.38,0.48,0.63,11428920,12698800,13714704,15086174
204/3,Durgwada,Morshi,Amravati,Agricultural Plot,280,21.356682,78.002009,27866,Non-Ganded,Good,1.46,0.54,2.71,1.32,1.52,7022232,7802480,8426678,9269345
205,Yerla,Morshi,Amravati,Residential Plot,1200,21.330246,78.024561,2083,Non-Ganded,Excellent,0.65,1.56,1.95,1.72,2.1,2249640,2499600,2699568,2969524
205/1,Yerla,Morshi,Amravati,Commercial Plot,2200,21.324946,78.022292,3892,Ganded,Excellent,1.35,0.35,2.22,2.58,1.93,7706160,8562400,9247392,10172131
205/2,Yerla,Morshi,Amravati,Agricultural Plot,300,21.326397,78.028128,16048,Ganded,Excellent,1.4,1.52,0.28,2.84,0.49,4332960,4814400,5199552,5719507
205/3,Yerla,Morshi,Amravati,Residential Plot,1200,21.327466,78.025394,3337,Non-Ganded,Excellent,1.13,3.15,2.2,3.03,1.34,3603960,4004400,4324752,4757227
206,Durgwada,Morshi,Amravati,Agricultural Plot,280,21.352524,78.001337,14039,Ganded,Excellent,2.2,2,1.36,2.19,0.57,3537828,3930920,4245393,4669932
206/1,Yerla,Morshi,Amravati,Commercial Plot,2200,21.326027,78.027538,4574,Non-Ganded,Good,1.75,2.87,2.6,2.36,1.11,9056520,10062800,10867824,11954606
206/2,Durgwada,Morshi,Amravati,Commercial Plot,2000,21.357061,77.992832,3443,Non-Ganded,Good,2.35,0.52,2.72,2.59,1.12,6197400,6886000,7436880,8180568
206/3,Morshi Rural,Morshi,Amravati,Residential Plot,1450,21.350915,78.021362,3442,Non-Ganded,Good,4.89,1.37,1.44,3.07,1.83,4491810,4990900,5390172,5929189
207,Yerla,Morshi,Amravati,Residential Plot,1200,21.331157,78.029996,4119,Non-Ganded,Good,2.33,1.13,1.12,1.63,1.2,4448520,4942800,5338224,5872046
207/1,Morshi Rural,Morshi,Amravati,Agricultural Plot,350,21.344436,78.013647,11209,Ganded,Good,3.11,3.25,0.6,1.81,0.9,3530835,3923150,4237002,4660702
207/2,Durgwada,Morshi,Amravati,Agricultural Plot,280,21.355763,77.994269,13898,Non-Ganded,Good,2.35,3.39,2.64,0.58,1.33,3502296,3891440,4202755,4623030
207/3,Durgwada,Morshi,Amravati,Residential Plot,1050,21.353305,77.999907,2718,Ganded,Excellent,3.78,2.25,2.07,2.39,0.49,2568510,2853900,3082212,3390433
208,Yerla,Morshi,Amravati,Commercial Plot,2200,21.326292,78.024114,4594,Non-Ganded,Excellent,5.59,3.14,1.67,1.67,0.8,9096120,10106800,10915344,12006878
208/1,Durgwada,Morshi,Amravati,Agricultural Plot,280,21.355519,77.996025,16235,Non-Ganded,Excellent,1.88,3.45,2.25,3.04,0.29,4091220,4545800,4909464,5400410
208/2,Durgwada,Morshi,Amravati,Residential Plot,1050,21.353381,78.002092,1499,Non-Ganded,Good,4.92,1.84,1.98,1.31,1.93,1416555,1573950,1699866,1869852
208/3,Morshi Rural,Morshi,Amravati,Commercial Plot,2650,21.347815,78.011814,3133,Non-Ganded,Excellent,0.85,0.66,2.77,1.76,0.89,7472205,8302450,8966646,9863310
209,Yerla,Morshi,Amravati,Residential Plot,1200,21.326395,78.03171,2636,Non-Ganded,Good,1.83,2.6,1.53,2.63,1.22,2846880,3163200,3416256,3757881
209/1,Durgwada,Morshi,Amravati,Agricultural Plot,280,21.359785,77.996057,28910,Non-Ganded,Excellent,3.54,1,2.74,2.63,1.06,7285320,8094800,8742384,9616622
209/2,Yerla,Morshi,Amravati,Commercial Plot,2200,21.329464,78.025828,3635,Non-Ganded,Excellent,1.19,0.36,2.69,1.11,1.44,7197300,7997000,8636760,9500436
209/3,Durgwada,Morshi,Amravati,Commercial Plot,2000,21.352902,77.999715,1694,Ganded,Good,3.63,0.52,0.96,2.5,1.56,3049200,3388000,3659040,4024944
210,Yerla,Morshi,Amravati,Agricultural Plot,300,21.324741,78.030378,27081,Ganded,Good,4.2,2.56,1.14,1.91,0.62,7311870,8124300,8774244,9651668
210/1,Yerla,Morshi,Amravati,Agricultural Plot,300,21.325235,78.028529,20709,Ganded,Excellent,0.91,1.01,0.55,0.84,0.86,5591430,6212700,6709716,7380687
210/2,Durgwada,Morshi,Amravati,Agricultural Plot,280,21.356067,77.998921,27262,Non-Ganded,Excellent,4.75,2.75,1.45,2.83,0.58,6870024,7633360,8244028,9068430
210/3,Durgwada,Morshi,Amravati,Residential Plot,1050,21.357521,78.000112,1227,Ganded,Good,1.78,1.97,2.11,0.55,2.14,1159515,1288350,1391418,1530559
211,Morshi Rural,Morshi,Amravati,Residential Plot,1450,21.350759,78.012961,1862,Non-Ganded,Good,1.66,2.23,1.83,2.49,0.74,2429910,2699900,2915892,3207481
211/1,Durgwada,Morshi,Amravati,Residential Plot,1050,21.355073,77.996855,2232,Non-Ganded,Excellent,1.01,2.78,0.43,1,0.42,2109240,2343600,2531088,2784196
211/2,Yerla,Morshi,Amravati,Residential Plot,1200,21.32937,78.02979,2774,Non-Ganded,Good,5.94,2.5,0.26,1.14,1.12,2995920,3328800,3595104,3954614
211/3,Morshi Rural,Morshi,Amravati,Commercial Plot,2650,21.35195,78.01478,2162,Non-Ganded,Excellent,4.76,3.19,2.65,2.54,1.39,5156370,5729300,6187644,6806408
212,Durgwada,Morshi,Amravati,Residential Plot,1050,21.353116,77.993947,3430,Ganded,Good,1.12,1.69,0.93,1.98,2.25,3241350,3601500,3889620,4278582
212/1,Morshi Rural,Morshi,Amravati,Residential Plot,1450,21.349957,78.019315,4397,Ganded,Excellent,5.34,1.89,0.59,3.16,1.37,5738085,6375650,6885702,7574272
212/2,Yerla,Morshi,Amravati,Commercial Plot,2200,21.327655,78.02272,1925,Non-Ganded,Excellent,2.27,1.75,1.66,3.08,1.34,3811500,4235000,4573800,5031180
212/3,Morshi Rural,Morshi,Amravati,Agricultural Plot,350,21.344896,78.017394,11237,Ganded,Good,3.3,0.94,0.47,1.95,0.47,3539655,3932950,4247586,4672344
213,Morshi Rural,Morshi,Amravati,Agricultural Plot,350,21.348355,78.018263,19666,Ganded,Excellent,5.91,0.72,2.4,1.72,1.01,6194790,6883100,7433748,8177122
213/1,Morshi Rural,Morshi,Amravati,Commercial Plot,2650,21.35157,78.012888,3838,Ganded,Good,1.48,1.82,2.35,1.03,1.16,9153630,10170700,10984356,12082791
213/2,Durgwada,Morshi,Amravati,Residential Plot,1050,21.359436,77.994675,4655,Non-Ganded,Excellent,2.52,1,2.78,2.12,2.05,4398975,4887750,5278770,5806647
213/3,Morshi Rural,Morshi,Amravati,Commercial Plot,2650,21.35056,78.010583,4462,Non-Ganded,Good,2.88,1.61,0.95,3.12,0.42,10641870,11824300,12770244,14047268
214,Morshi Rural,Morshi,Amravati,Commercial Plot,2650,21.34794,78.016176,2998,Ganded,Excellent,5.09,2.98,0.7,1.57,0.23,7150230,7944700,8580276,9438303
214/1,Durgwada,Morshi,Amravati,Residential Plot,1050,21.352774,78.000097,4765,Non-Ganded,Excellent,4.72,2.19,1.08,0.68,1.08,4502925,5003250,5403510,5943861
214/2,Yerla,Morshi,Amravati,Residential Plot,1200,21.329303,78.022452,2957,Ganded,Good,3.34,0.22,1.35,1.57,1,3193560,3548400,3832272,4215499
214/3,Durgwada,Morshi,Amravati,Commercial Plot,2000,21.354815,78.002629,3779,Non-Ganded,Good,3.45,2.63,2.77,0.89,0.75,6802200,7558000,8162640,8978904
215,Durgwada,Morshi,Amravati,Agricultural Plot,280,21.356199,78.002172,29257,Non-Ganded,Excellent,3.96,2.93,1.22,3.05,2.26,7372764,8191960,8847316,9732047
215/1,Yerla,Morshi,Amravati,Residential Plot,1200,21.326282,78.022557,2292,Ganded,Excellent,0.49,0.82,0.26,1.11,2,2475360,2750400,2970432,3267475
215/2,Durgwada,Morshi,Amravati,Agricultural Plot,280,21.359899,77.994185,22779,Ganded,Good,3.28,3.14,2.51,2.73,1.62,5740308,6378120,6888369,7577205
215/3,Morshi Rural,Morshi,Amravati,Agricultural Plot,350,21.345302,78.019459,21149,Ganded,Good,0.73,1.75,1.78,3.04,2.18,6661935,7402150,7994322,8793754
216,Yerla,Morshi,Amravati,Commercial Plot,2200,21.330015,78.030502,4769,Ganded,Excellent,3.51,1.45,0.83,1.26,1.09,9442620,10491800,11331144,12464258
216/1,Durgwada,Morshi,Amravati,Residential Plot,1050,21.35965,77.993996,1637,Non-Ganded,Good,4.09,0.79,2.61,2.46,1.85,1546965,1718850,1856358,2041993
216/2,Morshi Rural,Morshi,Amravati,Agricultural Plot,350,21.344875,78.010365,11089,Non-Ganded,Excellent,3.8,1.78,2.59,1.04,2.27,3493035,3881150,4191642,4610806
216/3,Morshi Rural,Morshi,Amravati,Agricultural Plot,350,21.347894,78.010581,17522,Ganded,Excellent,0.31,2.14,2.53,2.91,1.44,5519430,6132700,6623316,7285647
217,Yerla,Morshi,Amravati,Agricultural Plot,300,21.3258,78.030086,21419,Ganded,Excellent,3.69,2.17,2.77,1.15,0.49,5783130,6425700,6939756,7633731
217/1,Durgwada,Morshi,Amravati,Agricultural Plot,280,21.359593,77.9936,29116,Ganded,Excellent,1.74,1.5,1.19,2.46,0.74,7337232,8152480,8804678,9685145
217/2,Morshi Rural,Morshi,Amravati,Commercial Plot,2650,21.345947,78.014095,4816,Ganded,Excellent,0.43,0.65,0.26,0.96,0.37,11486160,12762400,13783392,15161731
217/3,Morshi Rural,Morshi,Amravati,Commercial Plot,2650,21.345497,78.017395,2861,Ganded,Good,0.57,0.21,0.4,1.63,1.95,6823485,7581650,8188182,9007000
218,Yerla,Morshi,Amravati,Residential Plot,1200,21.330093,78.025701,3133,Non-Ganded,Good,3.91,1.14,1.86,2.86,1.06,3383640,3759600,4060368,4466404
218/1,Durgwada,Morshi,Amravati,Residential Plot,1050,21.356325,77.994419,2458,Ganded,Excellent,3.63,1.32,1.97,2.07,1.3,2322810,2580900,2787372,3066109
218/2,Durgwada,Morshi,Amravati,Agricultural Plot,280,21.353929,78.003372,19629,Non-Ganded,Good,3.19,0.22,1.92,2.94,0.48,4946508,5496120,5935809,6529389
218/3,Yerla,Morshi,Amravati,Agricultural Plot,300,21.327797,78.029296,17821,Ganded,Good,0.61,3.21,1.44,2.49,0.34,4811670,5346300,5774004,6351404
219,Durgwada,Morshi,Amravati,Agricultural Plot,280,21.358784,78.000315,25836,Non-Ganded,Good,1.24,1.56,2.26,1.57,2.11,6510672,7234080,7812806,8594086
219/1,Yerla,Morshi,Amravati,Residential Plot,1200,21.329685,78.027426,3833,Ganded,Excellent,0.78,3.13,1.82,1.23,0.86,4139640,4599600,4967568,5464324
219/2,Durgwada,Morshi,Amravati,Agricultural Plot,280,21.354344,77.999722,27270,Non-Ganded,Excellent,0.32,2.64,2.48,1.98,1.7,6872040,7635600,8246448,9071092
219/3,Yerla,Morshi,Amravati,Agricultural Plot,300,21.33086,78.024874,21639,Ganded,Excellent,0.95,3.35,0.64,0.48,2.26,5842530,6491700,7011036,7712139
220,Yerla,Morshi,Amravati,Commercial Plot,2200,21.328557,78.026097,4442,Non-Ganded,Excellent,3.93,1.49,0.43,2.62,1.76,8795160,9772400,10554192,11609611
220/1,Durgwada,Morshi,Amravati,Residential Plot,1050,21.359799,78.000014,3340,Non-Ganded,Good,4.35,1.57,2.51,2.61,1.85,3156300,3507000,3787560,4166316
220/2,Durgwada,Morshi,Amravati,Commercial Plot,2000,21.356844,78.002233,3415,Ganded,Good,1.38,3.4,1.86,1.76,1.69,6147000,6830000,7376400,8114040
220/3,Morshi Rural,Morshi,Amravati,Agricultural Plot,350,21.351004,78.017979,13368,Non-Ganded,Excellent,0.84,2.56,0.61,1.32,0.47,4210920,4678800,5053104,5558414
221,Yerla,Morshi,Amravati,Residential Plot,1200,21.326945,78.03084,2280,Non-Ganded,Good,3.93,0.77,1.58,0.37,2.39,2462400,2736000,2954880,3250368
221/1,Morshi Rural,Morshi,Amravati,Commercial Plot,2650,21.348696,78.015567,4759,Non-Ganded,Excellent,0.46,2.06,0.89,0.96,0.47,11350215,12611350,13620258,14982283
221/2,Yerla,Morshi,Amravati,Commercial Plot,2200,21.328892,78.022418,3506,Ganded,Excellent,3.86,3.12,1.93,1.07,1.68,6941880,7713200,8330256,9163281
221/3,Morshi Rural,Morshi,Amravati,Residential Plot,1450,21.346304,78.011111,4447,Ganded,Good,2.91,1.02,1.96,0.33,1.86,5803335,6448150,6964002,7660402
222,Durgwada,Morshi,Amravati,Residential Plot,1050,21.353812,78.002276,2999,Non-Ganded,Good,4.48,1.97,0.83,3.19,2.11,2834055,3148950,3400866,3740952
222/1,Morshi Rural,Morshi,Amravati,Agricultural Plot,350,21.347348,78.012495,18776,Ganded,Excellent,2.23,0.37,0.71,0.52,2.47,5914440,6571600,7097328,7807060
222/2,Yerla,Morshi,Amravati,Residential Plot,1200,21.325348,78.02721,4183,Non-Ganded,Excellent,1.95,0.93,1.23,0.68,1.4,4517640,5019600,5421168,5963284
222/3,Durgwada,Morshi,Amravati,Residential Plot,1050,21.355551,78.00032,3372,Ganded,Good,0.94,1.65,1.01,2.64,1.45,3186540,3540600,3823848,4206232
223,Morshi Rural,Morshi,Amravati,Agricultural Plot,350,21.345396,78.011302,17403,Non-Ganded,Excellent,0.5,0.17,2.01,0.78,2.39,5481945,6091050,6578334,7236167
223/1,Yerla,Morshi,Amravati,Residential Plot,1200,21.328411,78.022112,3700,Non-Ganded,Excellent,1.59,0.15,0.33,2.93,2.18,3996000,4440000,4795200,5274720
223/2,Durgwada,Morshi,Amravati,Residential Plot,1050,21.35536,77.993192,1535,Ganded,Good,1.4,0.57,1.07,2.54,0.34,1450575,1611750,1740690,1914759
223/3,Morshi Rural,Morshi,Amravati,Agricultural Plot,350,21.344992,78.016116,26920,Ganded,Excellent,3.67,3.1,1.31,1.66,1.42,8479800,9422000,10175760,11193336
224,Yerla,Morshi,Amravati,Commercial Plot,2200,21.325313,78.030454,2435,Non-Ganded,Excellent,2.83,0.39,1.9,1.17,0.94,4821300,5357000,5785560,6364116
224/1,Durgwada,Morshi,Amravati,Agricultural Plot,280,21.35829,78.000045,21030,Ganded,Excellent,1.96,1.43,1.79,2.83,2.1,5299560,5888400,6359472,6995419
224/2,Morshi Rural,Morshi,Amravati,Residential Plot,1450,21.351054,78.01813,4364,Non-Ganded,Good,5.58,3.32,0.22,0.71,2.35,5695020,6327800,6834024,7517426
224/3,Yerla,Morshi,Amravati,Agricultural Plot,300,21.32826,78.022627,18082,Non-Ganded,Good,0.62,2.57,1.02,1.24,1.22,4882140,5424600,5858568,6444424
225,Morshi Rural,Morshi,Amravati,Commercial Plot,2650,21.345759,78.021152,2769,Non-Ganded,Good,0.72,0.3,1.31,2.72,1.61,6604065,7337850,7924878,8717365
225/1,Durgwada,Morshi,Amravati,Agricultural Plot,280,21.359491,77.997177,28310,Ganded,Good,3.47,1.28,0.62,1.47,0.9,7134120,7926800,8560944,9417038
225/2,Durgwada,Morshi,Amravati,Commercial Plot,2000,21.358336,77.998668,1683,Non-Ganded,Good,1.46,0.94,1.68,1.5,1.18,3029400,3366000,3635280,3998808
225/3,Yerla,Morshi,Amravati,Commercial Plot,2200,21.331148,78.024331,2393,Ganded,Good,5.53,1.77,1.25,2.89,2.19,4738140,5264600,5685768,6254344
226,Yerla,Morshi,Amravati,Residential Plot,1200,21.325301,78.025286,3117,Non-Ganded,Excellent,0.25,0.18,0.44,0.6,2.01,3366360,3740400,4039632,4443595
226/1,Durgwada,Morshi,Amravati,Residential Plot,1050,21.354145,77.994602,3264,Ganded,Good,5.82,0.19,2.67,0.85,1.81,3084480,3427200,3701376,4071513
226/2,Durgwada,Morshi,Amravati,Agricultural Plot,280,21.353064,77.997243,10317,Ganded,Excellent,4.32,0.47,0.21,0.53,1.08,2599884,2888760,3119860,3431846
226/3,Durgwada,Morshi,Amravati,Residential Plot,1050,21.352863,78.001,3951,Non-Ganded,Excellent,0.27,3.45,2.77,2.53,1.06,3733695,4148550,4480434,4928477
227,Yerla,Morshi,Amravati,Residential Plot,1200,21.329755,78.031068,1485,Ganded,Good,3.9,0.55,0.99,1.2,1.91,1603800,1782000,1924560,2117016
227/1,Morshi Rural,Morshi,Amravati,Commercial Plot,2650,21.34618,78.01765,1689,Non-Ganded,Excellent,4.81,3.39,1.71,3.11,1.51,4028265,4475850,4833918,5317309
227/2,Morshi Rural,Morshi,Amravati,Residential Plot,1450,21.346869,78.01201,1871,Non-Ganded,Excellent,4.85,0.18,0.57,2.15,0.31,2441655,2712950,2929986,3222984
227/3,Morshi Rural,Morshi,Amravati,Commercial Plot,2650,21.346188,78.011068,2519,Non-Ganded,Excellent,4.18,3.42,1.72,2.73,1.38,6007815,6675350,7209378,7930315
228,Morshi Rural,Morshi,Amravati,Residential Plot,1450,21.344948,78.02113,3882,Non-Ganded,Good,1.01,0.73,0.84,1.54,0.99,5066010,5628900,6079212,6687133
228/1,Yerla,Morshi,Amravati,Agricultural Plot,300,21.328184,78.024726,23093,Ganded,Excellent,5.75,1.55,1.73,2.99,0.86,6235110,6927900,7482132,8230345
228/2,Yerla,Morshi,Amravati,Residential Plot,1200,21.330305,78.026546,4991,Ganded,Excellent,2.07,2.91,1.1,1.96,2.11,5390280,5989200,6468336,7115169
228/3,Morshi Rural,Morshi,Amravati,Commercial Plot,2650,21.34956,78.011228,1525,Non-Ganded,Good,4.24,2.84,0.39,1.94,1.74,3637125,4041250,4364550,4801005
229,Durgwada,Morshi,Amravati,Agricultural Plot,280,21.352133,77.998213,12663,Non-Ganded,Excellent,5.69,1.77,0.55,2.51,1.19,3191076,3545640,3829291,4212220
229/1,Yerla,Morshi,Amravati,Commercial Plot,2200,21.32719,78.023111,2445,Non-Ganded,Good,2.31,0.33,0.9,1.68,0.59,4841100,5379000,5809320,6390252
229/2,Morshi Rural,Morshi,Amravati,Residential Plot,1450,21.349255,78.015218,3843,Ganded,Excellent,4.45,0.22,2.57,0.75,1.03,5015115,5572350,6018138,6619951
229/3,Morshi Rural,Morshi,Amravati,Commercial Plot,2650,21.351703,78.018986,4118,Non-Ganded,Good,1.47,2.96,1.09,1.26,1.68,9821430,10912700,11785716,12964287
230,Durgwada,Morshi,Amravati,Commercial Plot,2000,21.353073,77.999053,3020,Non-Ganded,Good,4.36,1.53,2.13,1.28,0.96,5436000,6040000,6523200,7175520
230/1,Morshi Rural,Morshi,Amravati,Agricultural Plot,350,21.347832,78.014603,21757,Non-Ganded,Excellent,1.01,1.35,1.01,1.57,1.2,6853455,7614950,8224146,9046560
230/2,Yerla,Morshi,Amravati,Commercial Plot,2200,21.325819,78.022071,1677,Non-Ganded,Good,3.88,1.57,0.49,2.63,1.96,3320460,3689400,3984552,4383007
230/3,Morshi Rural,Morshi,Amravati,Commercial Plot,2650,21.349123,78.019695,2019,Non-Ganded,Good,3.04,2.85,1.02,1.16,1.68,4815315,5350350,5778378,6356215
231,Morshi Rural,Morshi,Amravati,Residential Plot,1450,21.345365,78.011053,3805,Ganded,Good,3.73,0.65,0.58,1.01,0.39,4965525,5517250,5958630,6554493
231/1,Morshi Rural,Morshi,Amravati,Residential Plot,1450,21.345931,78.015156,2871,Ganded,Good,2.4,1.12,0.57,3.05,1.58,3746655,4162950,4495986,4945584
231/2,Durgwada,Morshi,Amravati,Agricultural Plot,280,21.353637,77.997704,12705,Ganded,Good,0.4,2.95,1.07,0.39,2.14,3201660,3557400,3841992,4226191
231/3,Morshi Rural,Morshi,Amravati,Commercial Plot,2650,21.350418,78.021022,4126,Non-Ganded,Good,4.33,0.73,2.52,3.1,2.42,9840510,10933900,11808612,12989473
232,Yerla,Morshi,Amravati,Residential Plot,1200,21.330343,78.022257,1788,Ganded,Excellent,1.2,1.72,1.34,1.64,2.37,1931040,2145600,2317248,2548972
232/1,Durgwada,Morshi,Amravati,Commercial Plot,2000,21.352767,78.000346,4922,Ganded,Excellent,4.95,0.2,0.25,2.19,2.46,8859600,9844000,10631520,11694672
232/2,Durgwada,Morshi,Amravati,Agricultural Plot,280,21.352103,78.001516,28437,Non-Ganded,Good,3.2,0.98,2.57,1.18,0.24,7166124,7962360,8599348,9459282
232/3,Yerla,Morshi,Amravati,Commercial Plot,2200,21.33006,78.02845,1465,Ganded,Excellent,2.34,0.14,2.38,2.25,2.32,2900700,3223000,3480840,3828924
233,Yerla,Morshi,Amravati,Residential Plot,1200,21.32986,78.025845,4650,Non-Ganded,Excellent,0.79,0.29,2.5,0.89,2.29,5022000,5580000,6026400,6629040
233/1,Morshi Rural,Morshi,Amravati,Agricultural Plot,350,21.345361,78.013336,20854,Non-Ganded,Excellent,1.8,1.99,1.39,0.39,1.04,6569010,7298900,7882812,8671093
233/2,Durgwada,Morshi,Amravati,Commercial Plot,2000,21.353733,77.992297,3933,Non-Ganded,Excellent,4.93,1.54,1.33,1.64,0.43,7079400,7866000,8495280,9344808
233/3,Morshi Rural,Morshi,Amravati,Residential Plot,1450,21.344621,78.018417,1753,Non-Ganded,Excellent,2.36,0.81,1.74,2.55,2.27,2287665,2541850,2745198,3019717
234,Yerla,Morshi,Amravati,Commercial Plot,2200,21.331456,78.031882,4056,Non-Ganded,Excellent,5.32,0.71,0.85,0.69,0.55,8030880,8923200,9637056,10600761
234/1,Durgwada,Morshi,Amravati,Commercial Plot,2000,21.359197,77.992276,2027,Ganded,Excellent,0.84,1.31,1.06,3.13,1.28,3648600,4054000,4378320,4816152
234/2,Yerla,Morshi,Amravati,Agricultural Plot,300,21.330616,78.031075,29457,Ganded,Good,3.97,1.54,1.64,2.27,2.28,7953390,8837100,9544068,10498474
234/3,Yerla,Morshi,Amravati,Agricultural Plot,300,21.327069,78.023215,16513,Non-Ganded,Excellent,2.79,2.07,1,2.46,1.66,4458510,4953900,5350212,5885233
235,Yerla,Morshi,Amravati,Commercial Plot,2200,21.324156,78.027389,1712,Non-Ganded,Excellent,3.02,2.81,0.5,1.32,1.99,3389760,3766400,4067712,4474483
235/1,Yerla,Morshi,Amravati,Residential Plot,1200,21.326038,78.028666,3671,Non-Ganded,Good,1.5,2.49,1.02,1.73,1.78,3964680,4405200,4757616,5233377
235/2,Durgwada,Morshi,Amravati,Agricultural Plot,280,21.356252,77.992422,17641,Ganded,Excellent,4.16,1.75,2.4,3.03,0.83,4445532,4939480,5334638,5868101
235/3,Yerla,Morshi,Amravati,Commercial Plot,2200,21.326529,78.029261,1523,Ganded,Excellent,0.46,1.74,1.25,1.1,1.75,3015540,3350600,3618648,3980512
236,Morshi Rural,Morshi,Amravati,Agricultural Plot,350,21.347253,78.013652,19523,Non-Ganded,Good,2.85,3.06,2.51,2.16,2.08,6149745,6833050,7379694,8117663
236/1,Morshi Rural,Morshi,Amravati,Commercial Plot,2650,21.344587,78.011636,2877,Non-Ganded,Excellent,0.79,2.63,0.91,2.15,2.39,6861645,7624050,8233974,9057371
236/2,Morshi Rural,Morshi,Amravati,Agricultural Plot,350,21.346747,78.020921,13766,Ganded,Excellent,0.59,3.48,0.25,1.25,1.04,4336290,4818100,5203548,5723902
236/3,Morshi Rural,Morshi,Amravati,Commercial Plot,2650,21.348567,78.012827,3751,Non-Ganded,Good,1.87,2.41,0.24,2.18,0.21,8946135,9940150,10735362,11808898
237,Morshi Rural,Morshi,Amravati,Commercial Plot,2650,21.346364,78.014588,4060,Non-Ganded,Excellent,1.54,0.73,2.46,0.92,1.59,9683100,10759000,11619720,12781692
237/1,Morshi Rural,Morshi,Amravati,Commercial Plot,2650,21.34439,78.01509,2728,Non-Ganded,Excellent,4.58,1.84,1.57,2.03,0.5,6506280,7229200,7807536,8588289
237/2,Yerla,Morshi,Amravati,Residential Plot,1200,21.33023,78.025854,1495,Non-Ganded,Good,4.23,2.58,2.62,2.82,2.22,1614600,1794000,1937520,2131272
237/3,Yerla,Morshi,Amravati,Commercial Plot,2200,21.329225,78.024764,1691,Ganded,Excellent,3.32,0.17,1.24,1.8,1.48,3348180,3720200,4017816,4419597
238,Durgwada,Morshi,Amravati,Agricultural Plot,280,21.356797,77.99722,15433,Ganded,Excellent,5.14,0.29,1.3,2.86,0.29,3889116,4321240,4666939,5133632
238/1,Durgwada,Morshi,Amravati,Residential Plot,1050,21.358912,77.994323,2488,Ganded,Excellent,2.81,2.14,2.03,2.6,1.44,2351160,2612400,2821392,3103531
238/2,Morshi Rural,Morshi,Amravati,Commercial Plot,2650,21.349033,78.017339,3184,Ganded,Excellent,4.52,2.9,2.41,2.76,0.89,7593840,8437600,9112608,10023868
238/3,Morshi Rural,Morshi,Amravati,Agricultural Plot,350,21.344811,78.012137,23732,Non-Ganded,Excellent,3.37,2.5,2.49,1.31,0.42,7475580,8306200,8970696,9867765
239,Morshi Rural,Morshi,Amravati,Residential Plot,1450,21.347371,78.020645,4168,Ganded,Excellent,4.06,2.35,0.99,1.91,1.16,5439240,6043600,6527088,7179796
239/1,Morshi Rural,Morshi,Amravati,Residential Plot,1450,21.344662,78.012677,2077,Non-Ganded,Good,5.66,0.27,1.26,2.88,2.17,2710485,3011650,3252582,3577840
239/2,Yerla,Morshi,Amravati,Commercial Plot,2200,21.327914,78.030087,2532,Non-Ganded,Good,1.68,0.26,1.33,2.15,1.9,5013360,5570400,6016032,6617635
239/3,Yerla,Morshi,Amravati,Residential Plot,1200,21.328115,78.027952,3488,Ganded,Good,0.58,1.95,2.08,1.86,1.27,3767040,4185600,4520448,4972492
240,Yerla,Morshi,Amravati,Residential Plot,1200,21.328182,78.030479,4081,Ganded,Good,1.39,1.28,1.14,1.43,0.51,4407480,4897200,5288976,5817873
240/1,Morshi Rural,Morshi,Amravati,Commercial Plot,2650,21.346261,78.018958,2283,Non-Ganded,Excellent,4.11,1.85,2.32,1.38,2.01,5444955,6049950,6533946,7187340
240/2,Yerla,Morshi,Amravati,Agricultural Plot,300,21.326048,78.023029,24737,Ganded,Good,2.51,0.42,1.51,0.9,2.01,6678990,7421100,8014788,8816266
240/3,Durgwada,Morshi,Amravati,Agricultural Plot,280,21.357389,77.992964,14934,Ganded,Excellent,4.51,1.62,1.93,1.45,1,3763368,4181520,4516041,4967645
241,Morshi Rural,Morshi,Amravati,Residential Plot,1450,21.350178,78.014692,1552,Non-Ganded,Excellent,3.18,1.54,1.68,1.85,0.84,2025360,2250400,2430432,2673475
241/1,Morshi Rural,Morshi,Amravati,Residential Plot,1450,21.347519,78.017767,1319,Non-Ganded,Good,3.86,1,2.06,2.24,2.17,1721295,1912550,2065554,2272109
241/2,Morshi Rural,Morshi,Amravati,Commercial Plot,2650,21.349855,78.012521,4793,Ganded,Good,5.7,2.88,1.43,2.83,2.14,11431305,12701450,13717566,15089322
241/3,Durgwada,Morshi,Amravati,Agricultural Plot,280,21.355558,77.997087,14796,Non-Ganded,Good,4.54,2.05,2.55,1.8,2.11,3728592,4142880,4474310,4921741
242,Yerla,Morshi,Amravati,Residential Plot,1200,21.326173,78.031448,2958,Non-Ganded,Excellent,0.54,0.88,1.48,1.11,0.98,3194640,3549600,3833568,4216924
242/1,Morshi Rural,Morshi,Amravati,Agricultural Plot,350,21.351546,78.012798,17743,Non-Ganded,Excellent,0.65,1.36,0.43,0.45,1.1,5589045,6210050,6706854,7377539
242/2,Yerla,Morshi,Amravati,Commercial Plot,2200,21.324142,78.025712,3958,Non-Ganded,Good,5.66,1.31,2,2.73,1.91,7836840,8707600,9404208,10344628
242/3,Yerla,Morshi,Amravati,Commercial Plot,2200,21.330086,78.028808,1934,Non-Ganded,Good,4.01,2.35,0.67,2.44,1.17,3829320,4254800,4595184,5054702
243,Yerla,Morshi,Amravati,Agricultural Plot,300,21.33137,78.02599,29495,Ganded,Good,1.49,2.26,0.92,1.89,0.44,7963650,8848500,9556380,10512018
243/1,Morshi Rural,Morshi,Amravati,Residential Plot,1450,21.345594,78.018102,4476,Non-Ganded,Good,2.86,1.23,2.69,2.3,2.23,5841180,6490200,7009416,7710357
243/2,Yerla,Morshi,Amravati,Commercial Plot,2200,21.325823,78.026078,3513,Non-Ganded,Good,4.34,1.96,2.51,1.15,0.8,6955740,7728600,8346888,9181576
243/3,Yerla,Morshi,Amravati,Commercial Plot,2200,21.327966,78.031356,1305,Ganded,Good,2.18,2.56,0.85,2.42,1.46,2583900,2871000,3100680,3410748
244,Durgwada,Morshi,Amravati,Residential Plot,1050,21.357709,78.000823,4440,Non-Ganded,Excellent,4.47,1.94,1.57,2.28,1.7,4195800,4662000,5034960,5538456
244/1,Durgwada,Morshi,Amravati,Residential Plot,1050,21.352205,77.995892,4851,Ganded,Excellent,5.87,2.68,1.7,1.91,1.62,4584195,5093550,5501034,6051137
244/2,Yerla,Morshi,Amravati,Agricultural Plot,300,21.327488,78.030456,13176,Ganded,Good,1.83,3.04,2.09,2.83,0.71,3557520,3952800,4269024,4695926
244/3,Durgwada,Morshi,Amravati,Agricultural Plot,280,21.357041,78.000219,15517,Non-Ganded,Good,2.53,2.17,0.79,3.09,0.45,3910284,4344760,4692340,5161574
245,Morshi Rural,Morshi,Amravati,Residential Plot,1450,21.34567,78.01624,4621,Ganded,Excellent,3.95,1.1,1.83,1.08,0.71,6030405,6700450,7236486,7960134
245/1,Morshi Rural,Morshi,Amravati,Agricultural Plot,350,21.344602,78.019125,22026,Ganded,Good,3.66,1.77,2.38,1.12,2.48,6938190,7709100,8325828,9158410
245/2,Yerla,Morshi,Amravati,Agricultural Plot,300,21.326993,78.022405,12539,Ganded,Excellent,0.88,0.73,0.71,2.92,1.08,3385530,3761700,4062636,4468899
245/3,Yerla,Morshi,Amravati,Residential Plot,1200,21.32758,78.023591,1868,Ganded,Good,5.19,0.33,1.48,1.33,1.99,2017440,2241600,2420928,2663020
246,Yerla,Morshi,Amravati,Commercial Plot,2200,21.329431,78.031768,1280,Non-Ganded,Excellent,2.2,1.55,0.24,1.42,0.83,2534400,2816000,3041280,3345408
246/1,Durgwada,Morshi,Amravati,Agricultural Plot,280,21.35276,77.992108,22450,Ganded,Good,5.29,3.48,1.43,2.96,1.97,5657400,6286000,6788880,7467768
246/2,Durgwada,Morshi,Amravati,Agricultural Plot,280,21.357229,77.999176,15495,Ganded,Excellent,4.86,1.68,0.63,2.53,1.21,3904740,4338600,4685688,5154256
246/3,Durgwada,Morshi,Amravati,Commercial Plot,2000,21.357241,78.003934,1713,Non-Ganded,Excellent,2.12,0.22,1.95,1.52,1.41,3083400,3426000,3700080,4070088
247,Yerla,Morshi,Amravati,Residential Plot,1200,21.328405,78.025878,3875,Ganded,Excellent,1.78,3.16,0.47,1.78,0.26,4185000,4650000,5022000,5524200
247/1,Morshi Rural,Morshi,Amravati,Residential Plot,1450,21.350033,78.021959,2244,Non-Ganded,Good,3.64,0.74,1.35,1.25,1.7,2928420,3253800,3514104,3865514
247/2,Morshi Rural,Morshi,Amravati,Residential Plot,1450,21.347533,78.011847,4131,Ganded,Good,0.56,1.25,1.3,1.82,2.39,5390955,5989950,6469146,7116060
247/3,Durgwada,Morshi,Amravati,Residential Plot,1050,21.354906,77.99862,1793,Ganded,Good,4.84,0.41,0.47,1.49,1.1,1694385,1882650,2033262,2236588
248,Yerla,Morshi,Amravati,Agricultural Plot,300,21.33081,78.026061,14027,Non-Ganded,Excellent,1.18,1.65,0.29,2.1,0.71,3787290,4208100,4544748,4999222
248/1,Durgwada,Morshi,Amravati,Residential Plot,1050,21.354085,77.997984,4643,Non-Ganded,Good,0.88,0.48,2.34,0.43,1.42,4387635,4875150,5265162,5791678
248/2,Morshi Rural,Morshi,Amravati,Agricultural Plot,350,21.345001,78.013392,28453,Ganded,Excellent,2.86,0.69,2.11,2.9,2.48,8962695,9958550,10755234,11830757
248/3,Yerla,Morshi,Amravati,Residential Plot,1200,21.326138,78.026332,1256,Non-Ganded,Good,2.3,2.71,2.48,0.35,2,1356480,1507200,1627776,1790553
249,Yerla,Morshi,Amravati,Commercial Plot,2200,21.326651,78.02216,1270,Non-Ganded,Good,4.54,3.34,0.21,1.68,1.77,2514600,2794000,3017520,3319272
249/1,Durgwada,Morshi,Amravati,Agricultural Plot,280,21.356749,77.9958,19709,Ganded,Excellent,5.57,2.99,0.96,3.16,1.47,4966668,5518520,5960001,6556001
249/2,Morshi Rural,Morshi,Amravati,Agricultural Plot,350,21.348314,78.020384,17601,Ganded,Excellent,3.21,1.58,2.3,1.45,0.59,5544315,6160350,6653178,7318495
249/3,Durgwada,Morshi,Amravati,Commercial Plot,2000,21.352592,78.003992,2430,Ganded,Good,1.25,1.05,2.33,3.07,2.32,4374000,4860000,5248800,5773680
250,Yerla,Morshi,Amravati,Residential Plot,1200,21.325535,78.023946,3844,Ganded,Good,1.11,1.25,1.55,2.19,0.27,4151520,4612800,4981824,5480006
250/1,Yerla,Morshi,Amravati,Commercial Plot,2200,21.326052,78.024718,3351,Ganded,Good,4.15,1.74,0.88,2.01,0.9,6634980,7372200,7961976,8758173
250/2,Yerla,Morshi,Amravati,Commercial Plot,2200,21.327816,78.03007,1872,Ganded,Good,4.78,0.3,1.04,1.69,0.3,3706560,4118400,4447872,4892659
250/3,Durgwada,Morshi,Amravati,Residential Plot,1050,21.3546,77.999673,1250,Non-Ganded,Good,2.49,1.99,2.46,1.86,1.86,1181250,1312500,1417500,1559250
40,Morshi Rural,Morshi,Amravati,Residential Plot,1450,21.34935,78.019981,2458,Non-Ganded,Good,4.63,0.39,1,2.29,1.07,3207690,3564100,3849228,4234150
40/1,Morshi Rural,Morshi,Amravati,Residential Plot,1450,21.351261,78.021793,4012,Non-Ganded,Good,1.99,0.79,1.04,1.49,0.95,5235660,5817400,6282792,6911071
40/2,Yerla,Morshi,Amravati,Residential Plot,1200,21.324667,78.023942,2665,Ganded,Good,5.97,2.86,1.81,0.99,1.7,2878200,3198000,3453840,3799224
40/3,Yerla,Morshi,Amravati,Commercial Plot,2200,21.330634,78.023377,4519,Ganded,Excellent,2.43,1.21,0.21,0.8,1.34,8947620,9941800,10737144,11810858
41,Morshi Rural,Morshi,Amravati,Commercial Plot,2650,21.349876,78.02111,2825,Non-Ganded,Good,0.78,3.03,2.27,2.02,1.52,6737625,7486250,8085150,8893665
41/1,Durgwada,Morshi,Amravati,Agricultural Plot,280,21.35868,77.996263,21831,Ganded,Excellent,5.24,1.56,2.54,2.09,1.9,5501412,6112680,6601694,7261863
41/2,Morshi Rural,Morshi,Amravati,Agricultural Plot,350,21.345595,78.01189,29966,Non-Ganded,Good,3.21,2.37,1.84,2.65,0.95,9439290,10488100,11327148,12459862
41/3,Yerla,Morshi,Amravati,Commercial Plot,2200,21.326473,78.025657,3226,Ganded,Excellent,0.9,3.01,2.41,0.46,1.89,6387480,7097200,7664976,8431473
42,Durgwada,Morshi,Amravati,Commercial Plot,2000,21.357443,77.999832,2937,Non-Ganded,Excellent,2.61,3.34,1.12,2.87,2.02,5286600,5874000,6343920,6978312
42/1,Durgwada,Morshi,Amravati,Commercial Plot,2000,21.35229,77.99279,3091,Non-Ganded,Good,2.64,2.49,1.41,0.74,0.53,5563800,6182000,6676560,7344216
42/2,Durgwada,Morshi,Amravati,Residential Plot,1050,21.359883,78.002298,4855,Ganded,Good,2.39,1.7,0.4,2.12,2.05,4587975,5097750,5505570,6056127
42/3,Morshi Rural,Morshi,Amravati,Residential Plot,1450,21.344985,78.014773,2226,Ganded,Excellent,5.02,0.98,2.34,0.35,1.08,2904930,3227700,3485916,3834507
43,Yerla,Morshi,Amravati,Agricultural Plot,300,21.328388,78.027672,24795,Non-Ganded,Excellent,1.69,2.51,1.16,1.55,0.63,6694650,7438500,8033580,8836938
43/1,Morshi Rural,Morshi,Amravati,Commercial Plot,2650,21.351771,78.021472,4475,Ganded,Good,0.94,2.31,0.66,0.68,1.95,10672875,11858750,12807450,14088195
43/2,Durgwada,Morshi,Amravati,Agricultural Plot,280,21.359079,77.996545,19666,Non-Ganded,Excellent,5.19,0.54,0.85,0.32,2.11,4955832,5506480,5946998,6541697
43/3,Morshi Rural,Morshi,Amravati,Commercial Plot,2650,21.350717,78.011719,4621,Ganded,Excellent,0.58,0.72,1.15,1.61,1.68,11021085,12245650,13225302,14547832
44,Yerla,Morshi,Amravati,Commercial Plot,2200,21.331476,78.026501,1329,Ganded,Excellent,1.52,0.18,1.59,3.07,1.69,2631420,2923800,3157704,3473474
44/1,Morshi Rural,Morshi,Amravati,Residential Plot,1450,21.351014,78.016423,2843,Ganded,Good,4.84,1.22,2.78,2.4,0.86,3710115,4122350,4452138,4897351
44/2,Morshi Rural,Morshi,Amravati,Residential Plot,1450,21.351304,78.013877,3953,Non-Ganded,Good,0.32,0.88,1.96,1.8,1.5,5158665,5731850,6190398,6809437
44/3,Morshi Rural,Morshi,Amravati,Commercial Plot,2650,21.348965,78.012221,4179,Ganded,Excellent,5.45,2.3,1.88,1.08,0.61,9966915,11074350,11960298,13156327
45,Durgwada,Morshi,Amravati,Residential Plot,1050,21.357763,77.99321,3122,Non-Ganded,Excellent,2.06,3.07,0.28,3.14,0.98,2950290,3278100,3540348,3894382
45/1,Yerla,Morshi,Amravati,Residential Plot,1200,21.326581,78.031428,4331,Ganded,Good,0.81,2.31,2.77,3.15,2.22,4677480,5197200,5612976,6174273
45/2,Morshi Rural,Morshi,Amravati,Agricultural Plot,350,21.348619,78.010421,13865,Ganded,Excellent,2.3,3.25,2.29,2.37,0.64,4367475,4852750,5240970,5765067
45/3,Morshi Rural,Morshi,Amravati,Commercial Plot,2650,21.344646,78.01818,1979,Ganded,Excellent,2.42,1.41,1.12,1.99,2.41,4719915,5244350,5663898,6230287
46,Morshi Rural,Morshi,Amravati,Agricultural Plot,350,21.34547,78.021405,22497,Ganded,Good,2.91,2.25,0.95,2.09,0.78,7086555,7873950,8503866,9354252
46/1,Durgwada,Morshi,Amravati,Commercial Plot,2000,21.355555,77.993457,1330,Non-Ganded,Good,5.78,1.43,1.12,2.02,2.37,2394000,2660000,2872800,3160080
46/2,Yerla,Morshi,Amravati,Residential Plot,1200,21.32475,78.029452,3709,Non-Ganded,Excellent,3,1.94,0.73,2.57,2.17,4005720,4450800,4806864,5287550
46/3,Morshi Rural,Morshi,Amravati,Commercial Plot,2650,21.344541,78.011526,4271,Non-Ganded,Good,4.12,3.19,2.22,0.48,1.13,10186335,11318150,12223602,13445962
47,Yerla,Morshi,Amravati,Agricultural Plot,300,21.326752,78.025552,15512,Non-Ganded,Good,1.74,3.47,1.71,2.38,1.47,4188240,4653600,5025888,5528476
47/1,Yerla,Morshi,Amravati,Commercial Plot,2200,21.328158,78.028545,2488,Ganded,Good,5.05,1.88,1.11,1.41,1.56,4926240,5473600,5911488,6502636
47/2,Yerla,Morshi,Amravati,Commercial Plot,2200,21.331153,78.026483,1846,Ganded,Excellent,1.67,3.38,0.68,2.14,0.53,3655080,4061200,4386096,4824705
47/3,Yerla,Morshi,Amravati,Commercial Plot,2200,21.325443,78.029762,3386,Non-Ganded,Good,5.48,1.05,1.3,0.51,2.11,6704280,7449200,8045136,8849649
48,Morshi Rural,Morshi,Amravati,Residential Plot,1450,21.348989,78.021422,1832,Non-Ganded,Excellent,1.51,1.71,0.46,1.46,1.84,2390760,2656400,2868912,3155803
48/1,Yerla,Morshi,Amravati,Agricultural Plot,300,21.324786,78.029935,29417,Non-Ganded,Good,0.71,1.04,0.85,0.99,1.14,7942590,8825100,9531108,10484218
48/2,Yerla,Morshi,Amravati,Agricultural Plot,300,21.325804,78.031814,27259,Non-Ganded,Excellent,2.84,3.2,2,2.05,2.37,7359930,8177700,8831916,9715107
48/3,Yerla,Morshi,Amravati,Agricultural Plot,300,21.324845,78.02893,29262,Non-Ganded,Excellent,1.37,2.96,1.96,2.89,1.13,7900740,8778600,9480888,10428976
49,Yerla,Morshi,Amravati,Agricultural Plot,300,21.330063,78.030271,16272,Ganded,Good,1.31,2.53,0.22,1.9,2.17,4393440,4881600,5272128,5799340
49/1,Yerla,Morshi,Amravati,Residential Plot,1200,21.329946,78.028382,1399,Ganded,Excellent,5.59,2.95,1.72,1.37,1.12,1510920,1678800,1813104,1994414
49/2,Durgwada,Morshi,Amravati,Residential Plot,1050,21.358516,78.002874,4938,Ganded,Excellent,3.06,2.42,1.25,1.41,0.66,4666410,5184900,5599692,6159661
49/3,Yerla,Morshi,Amravati,Commercial Plot,2200,21.327311,78.027518,1690,Ganded,Good,4.32,0.95,0.37,1.41,1.91,3346200,3718000,4015440,4416984
50,Morshi Rural,Morshi,Amravati,Residential Plot,1450,21.351261,78.014309,4292,Non-Ganded,Excellent,5.26,0.42,1.81,3.11,0.61,5601060,6223400,6721272,7393399
50/1,Durgwada,Morshi,Amravati,Residential Plot,1050,21.358041,77.996461,4269,Non-Ganded,Good,0.68,1,1.82,3.04,1.41,4034205,4482450,4841046,5325150
50/2,Morshi Rural,Morshi,Amravati,Residential Plot,1450,21.344668,78.014341,1784,Ganded,Excellent,5.53,0.26,1.81,2.53,1.83,2328120,2586800,2793744,3073118
50/3,Yerla,Morshi,Amravati,Residential Plot,1200,21.326816,78.031375,3202,Ganded,Excellent,2.13,2.97,2.58,1.27,0.79,3458160,3842400,4149792,4564771
51,Morshi Rural,Morshi,Amravati,Agricultural Plot,350,21.347192,78.011539,12448,Non-Ganded,Excellent,2.53,3.23,0.26,0.55,0.45,3921120,4356800,4705344,5175878
51/1,Yerla,Morshi,Amravati,Commercial Plot,2200,21.330135,78.031749,3718,Ganded,Excellent,4.32,0.29,0.91,2.78,0.34,7361640,8179600,8833968,9717364
51/2,Morshi Rural,Morshi,Amravati,Residential Plot,1450,21.344936,78.016947,3027,Ganded,Good,5.19,1.29,1.4,3.19,1.28,3950235,4389150,4740282,5214310
51/3,Yerla,Morshi,Amravati,Residential Plot,1200,21.327992,78.025904,1246,Ganded,Good,0.81,0.43,1.15,2.72,2.11,1345680,1495200,1614816,1776297
52,Morshi Rural,Morshi,Amravati,Agricultural Plot,350,21.344256,78.021214,17722,Ganded,Good,6,3.11,0.6,3.01,0.94,5582430,6202700,6698916,7368807
52/1,Morshi Rural,Morshi,Amravati,Commercial Plot,2650,21.34994,78.01461,2122,Non-Ganded,Excellent,3.82,0.84,0.68,2.34,1.14,5060970,5623300,6073164,6680480
52/2,Morshi Rural,Morshi,Amravati,Agricultural Plot,350,21.344039,78.010998,13358,Non-Ganded,Good,0.69,3.2,2.47,2.62,2.18,4207770,4675300,5049324,5554256
52/3,Morshi Rural,Morshi,Amravati,Residential Plot,1450,21.345585,78.010232,4033,Ganded,Good,3.42,2.04,2.51,3.03,1.54,5263065,5847850,6315678,6947245
53,Morshi Rural,Morshi,Amravati,Residential Plot,1450,21.349992,78.020419,3965,Non-Ganded,Excellent,5.95,2.5,0.61,2.84,0.31,5174325,5749250,6209190,6830109
53/1,Morshi Rural,Morshi,Amravati,Residential Plot,1450,21.346103,78.01078,3838,Ganded,Excellent,3.27,1.65,2.74,1.83,0.98,5008590,5565100,6010308,6611338
53/2,Durgwada,Morshi,Amravati,Commercial Plot,2000,21.353298,78.002876,4883,Ganded,Good,3.83,3.18,1.7,0.68,0.47,8789400,9766000,10547280,11602008
53/3,Yerla,Morshi,Amravati,Commercial Plot,2200,21.325003,78.031619,3274,Non-Ganded,Excellent,3.51,2.18,2.51,0.97,2.09,6482520,7202800,7779024,8556926
54,Yerla,Morshi,Amravati,Residential Plot,1200,21.326461,78.03043,2795,Ganded,Good,3.77,1.78,0.35,3.04,1.53,3018600,3354000,3622320,3984552
54/1,Morshi Rural,Morshi,Amravati,Commercial Plot,2650,21.346964,78.017011,3070,Ganded,Good,4.22,2.65,2.33,2.51,0.34,7321950,8135500,8786340,9664974
54/2,Morshi Rural,Morshi,Amravati,Agricultural Plot,350,21.345144,78.01917,14461,Ganded,Excellent,5.58,3.36,1.6,2.88,0.82,4555215,5061350,5466258,6012883
54/3,Yerla,Morshi,Amravati,Residential Plot,1200,21.32888,78.030443,2744,Ganded,Good,5.94,2.7,0.43,3.09,2.33,2963520,3292800,3556224,3911846
55,Yerla,Morshi,Amravati,Agricultural Plot,300,21.329859,78.026676,20382,Non-Ganded,Excellent,1.14,3.06,0.86,3.04,2.43,5503140,6114600,6603768,7264144
55/1,Yerla,Morshi,Amravati,Agricultural Plot,300,21.324843,78.027766,25931,Ganded,Good,5.25,1.45,1.93,1.94,1.77,7001370,7779300,8401644,9241808
55/2,Morshi Rural,Morshi,Amravati,Residential Plot,1450,21.349828,78.016732,3851,Non-Ganded,Excellent,3.55,3.38,1.26,1.5,1.47,5025555,5583950,6030666,6633732
55/3,Morshi Rural,Morshi,Amravati,Agricultural Plot,350,21.347968,78.013472,23599,Ganded,Excellent,2.91,0.4,1.23,0.53,1.89,7433685,8259650,8920422,9812464
56,Durgwada,Morshi,Amravati,Commercial Plot,2000,21.355876,77.995819,2221,Ganded,Excellent,0.76,1.17,1.68,1.59,0.79,3997800,4442000,4797360,5277096
56/1,Yerla,Morshi,Amravati,Commercial Plot,2200,21.328779,78.022117,2119,Non-Ganded,Excellent,1.92,2.21,1.4,3.01,2.46,4195620,4661800,5034744,5538218
56/2,Morshi Rural,Morshi,Amravati,Agricultural Plot,350,21.349887,78.015559,10496,Ganded,Excellent,1.61,2.6,1.79,0.95,1.21,3306240,3673600,3967488,4364236
56/3,Durgwada,Morshi,Amravati,Commercial Plot,2000,21.356961,77.999857,1858,Non-Ganded,Good,3.18,0.29,0.65,0.96,1.47,3344400,3716000,4013280,4414608
57,Yerla,Morshi,Amravati,Commercial Plot,2200,21.325064,78.026942,3578,Ganded,Excellent,0.95,2.91,0.91,2.78,1.18,7084440,7871600,8501328,9351460
57/1,Morshi Rural,Morshi,Amravati,Residential Plot,1450,21.3469,78.018489,4264,Ganded,Good,2.62,2.77,1.36,1.36,2.46,5564520,6182800,6677424,7345166
57/2,Yerla,Morshi,Amravati,Residential Plot,1200,21.331368,78.022847,1878,Ganded,Good,4.76,1.4,2.74,1.63,1.36,2028240,2253600,2433888,2677276
57/3,Durgwada,Morshi,Amravati,Commercial Plot,2000,21.357592,78.002613,4690,Ganded,Good,1.5,2.41,1.66,1.33,1.03,8442000,9380000,10130400,11143440
58,Durgwada,Morshi,Amravati,Commercial Plot,2000,21.359192,77.996557,1312,Non-Ganded,Good,4.33,0.42,1.83,0.85,0.48,2361600,2624000,2833920,3117312
58/1,Morshi Rural,Morshi,Amravati,Residential Plot,1450,21.348922,78.011071,2351,Non-Ganded,Excellent,5.3,2.7,0.72,3.15,1.05,3068055,3408950,3681666,4049832
58/2,Durgwada,Morshi,Amravati,Agricultural Plot,280,21.354288,77.994696,26176,Ganded,Excellent,0.35,3.04,1.86,0.42,0.41,6596352,7329280,7915622,8707184
58/3,Yerla,Morshi,Amravati,Agricultural Plot,300,21.32486,78.027869,26739,Non-Ganded,Good,5.29,2.34,0.23,1.61,0.87,7219530,8021700,8663436,9529779
59,Durgwada,Morshi,Amravati,Residential Plot,1050,21.358054,77.996836,2018,Non-Ganded,Excellent,5.48,0.21,2.15,2.05,0.53,1907010,2118900,2288412,2517253
59/1,Yerla,Morshi,Amravati,Residential Plot,1200,21.324919,78.027354,1841,Non-Ganded,Good,2,0.52,1.62,3.07,0.81,1988280,2209200,2385936,2624529
59/2,Yerla,Morshi,Amravati,Residential Plot,1200,21.329803,78.026315,2418,Ganded,Good,0.72,1.67,1.76,0.69,2.37,2611440,2901600,3133728,3447100
59/3,Yerla,Morshi,Amravati,Residential Plot,1200,21.325597,78.030085,2520,Non-Ganded,Good,4.44,1.47,2.6,1.34,0.21,2721600,3024000,3265920,3592512
60,Durgwada,Morshi,Amravati,Agricultural Plot,280,21.358729,77.993468,17239,Ganded,Excellent,0.56,2.93,0.22,1.49,0.99,4344228,4826920,5213073,5734380
60/1,Yerla,Morshi,Amravati,Agricultural Plot,300,21.331166,78.030446,17040,Ganded,Excellent,0.81,2.17,0.44,2.35,0.26,4600800,5112000,5520960,6073056
60/2,Yerla,Morshi,Amravati,Commercial Plot,2200,21.327833,78.025415,4968,Non-Ganded,Good,5.7,2.95,1.7,1.62,0.5,9836640,10929600,11803968,12984364
60/3,Yerla,Morshi,Amravati,Commercial Plot,2200,21.32771,78.025846,3759,Ganded,Good,1.57,1.48,2.58,0.87,1.82,7442820,8269800,8931384,9824522
61,Morshi Rural,Morshi,Amravati,Residential Plot,1450,21.351108,78.012972,3167,Non-Ganded,Good,3.44,3.45,1.31,2.19,1.78,4132935,4592150,4959522,5455474
61/1,Morshi Rural,Morshi,Amravati,Commercial Plot,2650,21.345529,78.014555,2047,Non-Ganded,Good,3.03,2.81,0.66,2.94,0.33,4882095,5424550,5858514,6444365
61/2,Morshi Rural,Morshi,Amravati,Commercial Plot,2650,21.350256,78.015584,2455,Ganded,Good,5.99,2.89,0.93,2.32,2.09,5855175,6505750,7026210,7728831
61/3,Durgwada,Morshi,Amravati,Agricultural Plot,280,21.355447,77.999347,29033,Non-Ganded,Good,5.88,0.3,2.43,1.17,2.4,7316316,8129240,8779579,9657536
62,Durgwada,Morshi,Amravati,Residential Plot,1050,21.359923,77.998426,3042,Ganded,Excellent,2.4,2.42,0.63,3.07,1.22,2874690,3194100,3449628,3794590
62/1,Morshi Rural,Morshi,Amravati,Commercial Plot,2650,21.344994,78.0104,4622,Ganded,Excellent,4.65,0.52,2.26,2.94,1.08,11023470,12248300,13228164,14550980
62/2,Morshi Rural,Morshi,Amravati,Commercial Plot,2650,21.350487,78.018344,3621,Non-Ganded,Excellent,3.58,2.53,0.79,0.4,0.99,8636085,9595650,10363302,11399632
62/3,Morshi Rural,Morshi,Amravati,Agricultural Plot,350,21.351894,78.020743,12383,Non-Ganded,Good,2.48,2.65,0.3,2.97,2.31,3900645,4334050,4680774,5148851
63,Durgwada,Morshi,Amravati,Residential Plot,1050,21.353236,77.992259,1251,Non-Ganded,Good,0.8,1.93,2.75,0.63,1.5,1182195,1313550,1418634,1560497
63/1,Durgwada,Morshi,Amravati,Commercial Plot,2000,21.3597,78.002751,4698,Non-Ganded,Excellent,5.89,0.75,2.24,1.13,0.98,8456400,9396000,10147680,11162448
63/2,Yerla,Morshi,Amravati,Commercial Plot,2200,21.330783,78.030143,1840,Non-Ganded,Excellent,3.86,3.01,1.22,2.69,0.44,3643200,4048000,4371840,4809024
63/3,Durgwada,Morshi,Amravati,Commercial Plot,2000,21.357247,77.999809,4062,Non-Ganded,Good,0.22,2.28,1.44,1.73,1.74,7311600,8124000,8773920,9651312
64,Morshi Rural,Morshi,Amravati,Residential Plot,1450,21.344284,78.014873,1878,Ganded,Excellent,4.17,2.58,0.69,2.86,0.95,2450790,2723100,2940948,3235042
64/1,Morshi Rural,Morshi,Amravati,Residential Plot,1450,21.351932,78.011109,3479,Non-Ganded,Excellent,3.86,1.21,2.21,0.37,1.06,4540095,5044550,5448114,5992925
64/2,Yerla,Morshi,Amravati,Agricultural Plot,300,21.328242,78.028073,20941,Non-Ganded,Good,2.33,3.47,1.95,2.45,1.19,5654070,6282300,6784884,7463372
64/3,Morshi Rural,Morshi,Amravati,Agricultural Plot,350,21.348478,78.01191,20809,Non-Ganded,Good,2.56,0.65,0.98,2.8,1.23,6554835,7283150,7865802,8652382
65,Morshi Rural,Morshi,Amravati,Residential Plot,1450,21.349152,78.019583,1975,Non-Ganded,Good,2.53,1.12,0.47,1.8,0.93,2577375,2863750,3092850,3402135
65/1,Durgwada,Morshi,Amravati,Residential Plot,1050,21.358491,78.003979,2867,Ganded,Good,4.46,3.38,1.2,1.52,0.53,2709315,3010350,3251178,3576295
65/2,Morshi Rural,Morshi,Amravati,Residential Plot,1450,21.349369,78.01375,3024,Ganded,Excellent,5.76,0.77,2.63,1.84,0.37,3946320,4384800,4735584,5209142
65/3,Durgwada,Morshi,Amravati,Commercial Plot,2000,21.356466,77.996071,1699,Non-Ganded,Good,5.45,1.2,2.15,1.3,0.58,3058200,3398000,3669840,4036824
66,Durgwada,Morshi,Amravati,Agricultural Plot,280,21.352448,77.992678,27913,Non-Ganded,Good,5.85,2.12,0.76,2.29,0.4,7034076,7815640,8440891,9284980
66/1,Yerla,Morshi,Amravati,Agricultural Plot,300,21.327578,78.031392,11517,Ganded,Good,3.93,1.07,0.6,1.7,0.7,3109590,3455100,3731508,4104658
66/2,Yerla,Morshi,Amravati,Commercial Plot,2200,21.32946,78.024314,4278,Non-Ganded,Good,5.69,3.5,1.53,1.12,1.66,8470440,9411600,10164528,11180980
66/3,Morshi Rural,Morshi,Amravati,Agricultural Plot,350,21.351348,78.010415,14894,Ganded,Good,4.6,1.48,1.28,0.5,1.39,4691610,5212900,5629932,6192925
67,Morshi Rural,Morshi,Amravati,Residential Plot,1450,21.351202,78.01112,3665,Non-Ganded,Excellent,4.46,1.17,1.59,1.23,2.23,4782825,5314250,5739390,6313329
67/1,Durgwada,Morshi,Amravati,Residential Plot,1050,21.359513,77.994158,4378,Ganded,Excellent,5.08,1.67,1.8,3.16,0.49,4137210,4596900,4964652,5461117
67/2,Morshi Rural,Morshi,Amravati,Residential Plot,1450,21.345294,78.017098,1637,Non-Ganded,Good,5.71,0.71,1.39,2.18,2.18,2136285,2373650,2563542,2819896
67/3,Durgwada,Morshi,Amravati,Commercial Plot,2000,21.354859,78.000553,3201,Ganded,Excellent,4.42,1.85,2.58,0.89,2.28,5761800,6402000,6914160,7605576
68,Durgwada,Morshi,Amravati,Agricultural Plot,280,21.356483,77.995773,15395,Ganded,Good,0.42,2.39,2.46,2.57,0.5,3879540,4310600,4655448,5120992
68/1,Morshi Rural,Morshi,Amravati,Commercial Plot,2650,21.344101,78.019136,3327,Non-Ganded,Excellent,3.71,2.87,1.07,1.33,1.96,7934895,8816550,9521874,10474061
68/2,Durgwada,Morshi,Amravati,Agricultural Plot,280,21.357204,77.997766,27409,Ganded,Excellent,4.91,0.74,2.06,1.56,1.04,6907068,7674520,8288481,9117329
68/3,Yerla,Morshi,Amravati,Residential Plot,1200,21.32801,78.031496,4497,Non-Ganded,Excellent,0.86,1.74,0.83,0.59,1.84,4856760,5396400,5828112,6410923
69,Morshi Rural,Morshi,Amravati,Residential Plot,1450,21.344658,78.01064,2868,Non-Ganded,Good,3.34,3.48,0.68,2.86,0.31,3742740,4158600,4491288,4940416
69/1,Morshi Rural,Morshi,Amravati,Commercial Plot,2650,21.35009,78.013901,2389,Ganded,Excellent,4.7,0.86,1.84,1.73,1.61,5697765,6330850,6837318,7521049
69/2,Durgwada,Morshi,Amravati,Agricultural Plot,280,21.356609,77.997477,26707,Non-Ganded,Excellent,5.49,1.18,2.41,2.6,1.9,6730164,7477960,8076196,8883815
69/3,Morshi Rural,Morshi,Amravati,Residential Plot,1450,21.345565,78.018389,1272,Ganded,Good,4.06,3.41,2.45,0.88,0.2,1659960,1844400,1991952,2191147
70,Yerla,Morshi,Amravati,Commercial Plot,2200,21.326648,78.030617,3509,Non-Ganded,Excellent,4.66,2.78,0.52,1.84,1.15,6947820,7719800,8337384,9171122
70/1,Yerla,Morshi,Amravati,Agricultural Plot,300,21.324059,78.031191,15108,Non-Ganded,Excellent,5.46,2.82,1.4,1.47,1.52,4079160,4532400,4894992,5384491
70/2,Morshi Rural,Morshi,Amravati,Residential Plot,1450,21.345675,78.012086,3318,Non-Ganded,Good,1.41,2.3,0.77,2.6,1.49,4329990,4811100,5195988,5715586
70/3,Yerla,Morshi,Amravati,Residential Plot,1200,21.327597,78.024489,4682,Non-Ganded,Good,4.73,1.05,1.12,1.22,0.31,5056560,5618400,6067872,6674659
71,Yerla,Morshi,Amravati,Agricultural Plot,300,21.326341,78.023208,14791,Non-Ganded,Excellent,4.03,0.18,1.59,1.02,0.97,3993570,4437300,4792284,5271512
71/1,Yerla,Morshi,Amravati,Commercial Plot,2200,21.329935,78.026125,3327,Ganded,Good,4.09,1.4,2.33,1.56,1.18,6587460,7319400,7904952,8695447
71/2,Morshi Rural,Morshi,Amravati,Agricultural Plot,350,21.345261,78.021137,14244,Ganded,Good,2.77,0.59,0.39,1.6,0.38,4486860,4985400,5384232,5922655
71/3,Yerla,Morshi,Amravati,Commercial Plot,2200,21.330591,78.025509,2883,Ganded,Good,0.39,3.2,2.67,1.03,2.04,5708340,6342600,6850008,7535008
72,Yerla,Morshi,Amravati,Commercial Plot,2200,21.327093,78.02453,4956,Non-Ganded,Excellent,2.84,1.58,0.57,0.55,0.84,9812880,10903200,11775456,12953001
72/1,Yerla,Morshi,Amravati,Residential Plot,1200,21.329095,78.030652,3105,Non-Ganded,Excellent,2.08,0.51,2.09,0.74,1.48,3353400,3726000,4024080,4426488
72/2,Durgwada,Morshi,Amravati,Commercial Plot,2000,21.359468,77.993958,4585,Non-Ganded,Good,5.48,1.06,2.74,2.38,1.1,8253000,9170000,9903600,10893960
72/3,Durgwada,Morshi,Amravati,Agricultural Plot,280,21.356374,78.002681,27241,Non-Ganded,Good,5.13,3.3,1.68,1.9,1.53,6864732,7627480,8237678,9061445
73,Morshi Rural,Morshi,Amravati,Residential Plot,1450,21.351317,78.018404,1303,Non-Ganded,Good,2.84,3.06,1.4,0.38,0.93,1700415,1889350,2040498,2244547
73/1,Morshi Rural,Morshi,Amravati,Agricultural Plot,350,21.349804,78.019751,17650,Non-Ganded,Excellent,1.18,3.45,2.28,1.11,0.55,5559750,6177500,6671700,7338870
73/2,Yerla,Morshi,Amravati,Commercial Plot,2200,21.330661,78.02425,1529,Ganded,Good,3.96,2.32,0.61,0.71,0.54,3027420,3363800,3632904,3996194
73/3,Yerla,Morshi,Amravati,Residential Plot,1200,21.327621,78.022056,2713,Non-Ganded,Excellent,5.26,2.54,1.52,2.26,0.95,2930040,3255600,3516048,3867652
74,Durgwada,Morshi,Amravati,Agricultural Plot,280,21.358801,77.997455,14672,Ganded,Excellent,1.65,2.24,0.44,2.15,1.81,3697344,4108160,4436812,4880493
74/1,Morshi Rural,Morshi,Amravati,Commercial Plot,2650,21.348008,78.021412,2504,Ganded,Good,0.89,0.74,2.29,0.45,0.63,5972040,6635600,7166448,7883092
74/2,Durgwada,Morshi,Amravati,Residential Plot,1050,21.352189,78.001784,4072,Ganded,Excellent,1.55,2.75,2.8,0.42,1.39,3848040,4275600,4617648,5079412
74/3,Durgwada,Morshi,Amravati,Commercial Plot,2000,21.355132,77.997691,1633,Ganded,Excellent,5.21,0.76,1.46,2.54,1.93,2939400,3266000,3527280,3880008
75,Durgwada,Morshi,Amravati,Agricultural Plot,280,21.357931,77.993783,22244,Non-Ganded,Excellent,0.31,1.26,0.29,2.66,0.85,5605488,6228320,6726585,7399243
75/1,Durgwada,Morshi,Amravati,Commercial Plot,2000,21.358363,77.998242,2467,Non-Ganded,Excellent,2.63,0.14,1.08,1.12,1,4440600,4934000,5328720,5861592
75/2,Yerla,Morshi,Amravati,Agricultural Plot,300,21.33124,78.029391,11060,Non-Ganded,Good,4.07,3.09,2.03,1.81,1.45,2986200,3318000,3583440,3941784
75/3,Morshi Rural,Morshi,Amravati,Agricultural Plot,350,21.345655,78.020218,16784,Ganded,Good,4.73,3.16,2.35,2.64,0.81,5286960,5874400,6344352,6978787
76,Morshi Rural,Morshi,Amravati,Commercial Plot,2650,21.348428,78.013821,4178,Ganded,Good,4.18,0.81,0.83,3.16,2.23,9964530,11071700,11957436,13153179
76/1,Durgwada,Morshi,Amravati,Agricultural Plot,280,21.357014,77.999053,15554,Ganded,Good,5.25,1.23,1.15,0.59,0.85,3919608,4355120,4703529,5173881
76/2,Durgwada,Morshi,Amravati,Residential Plot,1050,21.357356,78.00097,2821,Non-Ganded,Good,5.77,2.58,1.45,0.45,1.54,2665845,2962050,3199014,3518915
76/3,Morshi Rural,Morshi,Amravati,Residential Plot,1450,21.351071,78.012125,3475,Non-Ganded,Excellent,1.46,0.73,1.92,1.11,1.56,4534875,5038750,5441850,5986035
77,Durgwada,Morshi,Amravati,Residential Plot,1050,21.352061,77.997513,4320,Ganded,Excellent,3.31,3.48,0.6,1.62,1.7,4082400,4536000,4898880,5388768
77/1,Durgwada,Morshi,Amravati,Commercial Plot,2000,21.359869,78.000643,3777,Ganded,Good,1.67,1.23,1.68,1.68,1.88,6798600,7554000,8158320,8974152
77/2,Yerla,Morshi,Amravati,Agricultural Plot,300,21.324851,78.026553,11879,Non-Ganded,Good,2.83,2.77,1.65,1.63,1.9,3207330,3563700,3848796,4233675
77/3,Durgwada,Morshi,Amravati,Residential Plot,1050,21.356783,77.996137,2608,Non-Ganded,Excellent,1.44,2.6,1.25,0.58,2.28,2464560,2738400,2957472,3253219
78,Morshi Rural,Morshi,Amravati,Commercial Plot,2650,21.351947,78.015815,3516,Non-Ganded,Excellent,3.74,0.37,2.1,3.18,1.64,8385660,9317400,10062792,11069071
78/1,Morshi Rural,Morshi,Amravati,Commercial Plot,2650,21.35037,78.020416,2341,Ganded,Excellent,1.61,1.44,1.14,0.54,1.35,5583285,6203650,6699942,7369936
78/2,Morshi Rural,Morshi,Amravati,Agricultural Plot,350,21.350177,78.010489,12016,Ganded,Excellent,0.77,1.48,0.63,0.76,0.71,3785040,4205600,4542048,4996252
78/3,Yerla,Morshi,Amravati,Commercial Plot,2200,21.330444,78.027775,2038,Ganded,Excellent,2.47,2.08,2.7,0.43,0.94,4035240,4483600,4842288,5326516
